SquareFeet,Bedrooms,Bathrooms,Neighborhood,YearBuilt,HasGarage,HasPool,Condition,Price
4174,4,2,Downtown,2021,1,0,3,1418447.796082522
4507,5,1,Highlands,2012,1,0,5,1355121.0794224415
1860,4,1,Lakeside,2013,0,0,5,928280.7299383995
2294,5,1,Suburbs,2010,1,0,1,661707.5475135825
2130,5,2,Lakeside,2003,1,0,2,979354.2991755239
2095,5,4,Lakeside,2022,1,0,3,1136663.8151266607
4772,4,4,Lakeside,2007,0,0,1,1611062.3448504333
4092,4,4,Downtown,2005,1,0,1,1372916.052736744
2638,5,3,GreenValley,1983,1,0,4,677352.4650260224
3169,2,1,Downtown,1980,1,0,2,929171.7604210059
1466,3,3,Downtown,2001,0,1,2,787147.1312632703
2238,3,2,Lakeside,2025,1,0,3,998985.1854762292
1330,3,3,Downtown,1950,1,0,2,641973.2586255609
2482,4,2,Lakeside,2004,1,1,1,1032277.5661444596
3135,4,4,GreenValley,1971,0,0,2,684409.6961130288
4444,2,1,Suburbs,1989,1,0,2,907193.3268356172
4171,3,3,Lakeside,1950,1,0,5,1434990.6717236545
3919,3,1,GreenValley,2014,0,1,1,755547.2489773924
4735,5,2,Suburbs,2012,0,1,2,1131210.9507473402
1130,4,4,Highlands,2003,1,0,2,662879.1354727006
2685,3,1,Lakeside,1991,0,0,4,998951.9751397665
4380,2,1,Lakeside,1970,0,0,2,1264855.7918680992
1769,2,2,Highlands,1971,1,0,2,613073.8464132736
3391,3,1,Highlands,1987,1,0,5,1046508.784545188
2515,4,2,Lakeside,1957,0,0,1,887995.3431573662
4485,2,2,Highlands,2011,1,0,3,1252902.7089045194
3853,5,3,Downtown,1996,0,0,1,1279094.8139014198
3433,2,1,Suburbs,1966,0,0,4,730535.2151887333
2215,1,1,Suburbs,1966,0,0,1,485224.06215593754
1955,1,1,Suburbs,1962,1,0,2,484863.0466284953
3324,4,3,Downtown,1966,0,1,4,1219507.4471707733
2184,3,1,Highlands,1987,0,0,1,653509.974466287
1459,4,2,GreenValley,1994,1,0,4,480713.6740975325
4385,4,2,Highlands,1955,1,0,3,1193917.280457734
1021,4,2,Lakeside,1984,0,0,1,601154.7687972127
3300,4,1,Suburbs,1963,1,1,2,792640.9014292774
1747,5,2,Highlands,2021,0,0,4,830620.1969586716
3904,5,1,GreenValley,2010,1,0,5,857288.9362299375
4632,2,1,Lakeside,1964,1,0,4,1395790.799598649
1474,1,1,Downtown,2003,1,0,5,647903.993032324
2082,4,1,Downtown,1976,1,1,2,809009.7587205826
3558,2,1,GreenValley,1962,1,0,3,658191.6873960907
4753,1,1,Lakeside,1980,0,0,5,1404547.8496771299
3047,3,1,Suburbs,1984,1,0,3,723079.9377499562
4547,5,3,Highlands,2009,0,0,4,1414150.339387616
3747,1,1,Lakeside,1955,1,1,2,1106611.5103376328
1975,3,2,Downtown,2018,1,0,5,928611.8238298504
2806,1,1,GreenValley,2007,1,1,4,584616.3228274877
1189,5,3,GreenValley,1998,1,0,1,470198.5556326363
4005,5,2,Highlands,1972,1,0,4,1191217.0224145867
3734,2,2,GreenValley,1983,1,0,3,713187.5938478786
4005,4,3,GreenValley,1975,0,0,2,809736.3886697949
1562,1,1,Lakeside,1996,1,0,2,622814.6220131207
2899,1,1,Suburbs,1954,1,0,4,654359.8115414222
4638,3,1,Highlands,1969,1,0,1,1122587.4605611362
2267,5,1,Lakeside,1955,1,0,3,906087.668859997
3879,1,1,Suburbs,2019,0,0,4,853378.8268618435
2528,5,4,Lakeside,2008,1,0,4,1232551.1680277137
4202,1,1,Lakeside,2013,1,0,2,1288896.9618778054
4556,2,1,GreenValley,1967,0,0,3,794394.7716991019
4890,4,4,Suburbs,1953,1,0,1,1086197.006924392
1646,1,1,Highlands,1966,1,1,2,559140.4694894425
3068,5,1,Highlands,1963,1,0,4,953990.8966868249
3888,2,1,Suburbs,1962,1,1,2,855197.0098620557
3214,1,1,GreenValley,1956,0,0,2,546747.085896374
2297,3,2,Downtown,1993,1,0,5,928543.242217875
3435,4,4,Lakeside,1964,1,0,2,1314966.61400624
1600,1,1,GreenValley,1968,1,0,2,332822.8370021346
3363,2,1,Suburbs,2012,1,0,3,811171.7660942167
3061,3,2,Lakeside,1984,0,0,2,1064548.9868289444
1241,2,2,Highlands,1984,0,0,1,472101.9183667775
3041,2,2,Downtown,1968,1,0,4,1018140.8517073847
3824,3,2,Highlands,1969,1,0,3,1086970.9677670351
4417,2,1,Suburbs,1984,1,1,2,941272.8015531481
3612,3,3,Lakeside,1981,0,0,1,1215795.9839390789
3945,1,1,Suburbs,1997,1,0,4,871973.9977304775
2363,3,2,Lakeside,1993,1,0,3,972231.1679953387
3139,3,3,GreenValley,1973,1,0,1,645785.001992554
2390,4,1,Downtown,2010,0,0,2,875475.9724979138
4003,3,1,GreenValley,1966,1,0,5,807683.8611929379
2478,3,2,GreenValley,2020,1,1,5,674444.0897182877
4499,1,1,Suburbs,1999,1,0,3,955033.8112970631
3556,4,1,Downtown,2014,1,0,1,1123814.453641253
1775,5,2,Lakeside,1981,1,1,4,958099.0300651588
1034,1,1,Lakeside,1985,1,1,1,541290.490176695
3253,1,1,Highlands,1962,1,0,5,899853.2629548387
4152,5,2,Lakeside,2019,0,1,3,1556648.7019193443
2955,3,1,Suburbs,2007,1,0,2,734703.416577513
2585,2,1,GreenValley,1963,0,1,1,513195.7455980188
4943,4,4,GreenValley,1986,1,0,5,1049572.9002192663
4459,2,2,GreenValley,2017,1,0,4,893638.0780883579
4073,5,1,Downtown,1989,1,0,3,1289092.2258261521
2021,1,1,Lakeside,2008,1,0,2,764213.1030586668
4461,1,1,Suburbs,1965,0,0,1,824313.5916294369
3613,4,4,Downtown,2011,1,0,4,1381871.887232878
2129,1,1,Highlands,1953,1,0,2,546068.9006795795
4843,1,1,Suburbs,1994,0,0,5,1023147.6938854767
4893,4,1,Suburbs,1977,1,0,5,1069916.5546783775
2500,4,2,Suburbs,2015,0,0,4,745161.2679434574
1702,5,4,GreenValley,1980,1,0,5,581002.226136506
3449,1,1,Suburbs,1952,1,0,3,716780.5508937578
3777,1,1,Lakeside,1957,0,1,4,1170326.2982176382
2579,5,4,Suburbs,1973,1,0,5,838373.1889543958
1161,3,2,GreenValley,1964,0,0,1,338706.3706755224
1201,3,2,Suburbs,1992,0,0,5,487915.00258499925
2981,3,2,Highlands,1980,0,0,3,853263.3925126486
1995,5,4,Highlands,2022,1,0,2,918282.0255079772
3317,1,1,GreenValley,1994,1,0,2,580320.2692087907
4934,5,3,Lakeside,2015,1,1,5,1855944.3553548374
1815,5,3,Lakeside,1957,0,0,2,841468.5514059109
4342,3,3,Downtown,2020,0,0,5,1447750.5922545597
1455,2,2,GreenValley,2006,1,0,3,422757.8362091267
4533,1,1,Suburbs,1979,1,1,2,910465.7716911767
4798,3,2,GreenValley,2023,1,0,1,905195.2477769956
2275,2,2,Downtown,1967,0,0,5,819345.0711637172
2016,2,2,GreenValley,2018,1,0,2,502836.19598173024
4773,4,4,GreenValley,1988,1,0,3,1001683.3655640682
3343,1,1,Downtown,2009,1,0,3,1035298.8415543826
4796,2,2,Lakeside,1992,1,0,1,1443757.3396178763
3767,3,2,Suburbs,1994,0,1,3,903323.9402237027
4820,4,3,Downtown,1972,1,0,3,1502912.6567388386
1337,1,1,Highlands,2018,1,0,2,497090.3131329937
1878,5,2,Lakeside,1955,1,0,5,934888.3518805229
2076,3,1,Highlands,2005,1,0,4,733525.521738205
1791,2,1,Lakeside,1953,1,0,3,683335.6658450346
4993,2,2,Suburbs,1972,1,0,3,1049543.2484451972
3264,3,1,Suburbs,1955,0,0,4,773487.7502001376
1763,2,1,GreenValley,1981,1,0,3,437701.6719276409
3235,4,4,Highlands,1967,1,0,2,1054002.3040463158
1379,1,1,Lakeside,1964,1,0,2,517435.85539438645
1492,4,4,Suburbs,1989,1,1,4,663835.934544475
4112,2,1,Downtown,2022,0,0,3,1243554.139425512
2180,5,4,Suburbs,2023,1,0,3,796657.9531302043
3062,1,1,Downtown,1955,1,0,5,950415.9694942246
4884,1,1,Lakeside,2012,0,0,3,1453199.3474560294
1064,3,2,Suburbs,2016,1,1,2,500679.95690874645
4928,3,2,Suburbs,1960,0,0,1,998837.8919045194
4910,5,3,Lakeside,1992,1,0,1,1631013.0959234366
3568,1,1,Suburbs,1966,1,0,1,684387.9563418956
2367,5,1,Downtown,1953,1,0,1,791388.6082745516
2152,3,1,Suburbs,2012,1,0,3,636992.4537231398
3027,3,2,Highlands,2017,1,0,3,969933.2761872229
3695,1,1,GreenValley,1990,1,1,5,729286.35437707
2495,4,1,Downtown,1954,1,1,3,914284.0069045973
4134,2,1,Highlands,1981,1,0,1,1019933.4631304771
2162,3,3,Lakeside,2019,1,0,4,1043131.5863686206
2522,3,2,Downtown,1984,0,1,4,968687.1754675963
3640,4,3,GreenValley,1971,1,0,2,724675.5248323798
1391,4,3,GreenValley,2014,0,0,2,458194.5271105397
2698,5,2,Lakeside,1971,1,0,3,1109819.9470532313
1418,5,4,Lakeside,1960,1,1,4,942775.5284769904
3336,2,2,Downtown,1952,1,1,1,974056.6544097341
1378,2,1,Suburbs,1958,1,0,1,341650.0864169726
2796,1,1,Lakeside,2009,1,0,1,910110.8094713249
4561,5,4,Suburbs,2025,1,0,3,1200465.5191380861
3278,3,3,Highlands,1963,0,0,3,971915.1908115798
4065,5,4,GreenValley,1967,0,0,5,899098.1892937245
3088,3,3,Suburbs,2022,0,0,1,774687.0602136593
4099,4,1,GreenValley,1972,1,0,1,752277.5255461801
3182,5,2,Suburbs,2023,0,1,3,924998.0562650168
1200,4,2,Highlands,1996,1,0,3,639093.2000307777
2863,2,2,Lakeside,2018,1,0,5,1138693.9396196494
1779,2,2,Highlands,1996,0,0,5,720195.5447060928
3977,1,1,Lakeside,1979,1,0,2,1166118.0686910332
4104,5,4,Lakeside,1974,1,0,4,1567500.5794510646
4119,4,2,GreenValley,1977,0,1,1,812263.6306094719
1502,3,1,Highlands,1974,1,1,1,552390.291447804
3454,2,1,Suburbs,2023,1,0,5,832852.9549797645
4645,2,2,Highlands,2007,1,0,5,1325275.4232229365
2751,3,1,GreenValley,1990,1,1,2,605936.3111644262
1804,4,2,Lakeside,1974,1,0,4,869322.8472968454
3146,4,1,GreenValley,1997,1,0,2,666634.4701590579
3731,5,3,Downtown,1959,0,0,4,1292494.4019069779
2895,5,3,Downtown,2024,1,1,1,1158941.1553190763
3773,1,1,Suburbs,1960,1,0,2,748682.694615966
2570,2,2,GreenValley,1970,0,0,5,537759.0608972637
1960,5,1,Suburbs,1994,1,1,2,635144.6021573233
4810,4,4,Suburbs,1956,1,0,2,1098058.8663395697
3660,3,1,Downtown,2013,1,0,1,1124233.6352614085
2485,4,3,Suburbs,2013,1,0,5,803329.1715556411
3690,2,1,Downtown,1951,1,1,5,1145025.2019622272
4840,4,1,Lakeside,2025,1,0,3,1558939.142011143
2028,1,1,GreenValley,1991,1,1,3,479789.55731550755
4289,2,1,Suburbs,2003,1,0,3,933759.0012480889
1502,3,1,Downtown,2024,1,0,1,655289.1215673091
3814,1,1,Highlands,1965,1,1,2,948852.738959479
1397,2,1,Suburbs,1967,1,0,5,464675.93262279505
1870,3,1,Lakeside,2008,1,0,5,915018.7455527134
3842,1,1,Lakeside,1965,1,0,2,1107534.8092168572
1392,1,1,Highlands,1955,1,0,5,516636.93362122466
1206,2,1,Downtown,2006,0,0,2,513427.18465311173
2038,5,2,Suburbs,1996,1,0,1,629117.1571492942
2881,1,1,Downtown,1997,1,0,1,818842.6407906275
4625,1,1,Lakeside,1991,0,1,1,1347453.077070402
3939,3,1,Downtown,2025,1,0,2,1230539.858657481
2484,4,4,Lakeside,2009,1,1,2,1168477.704212609
4762,2,1,Downtown,1953,1,0,4,1304397.5673474288
4646,2,2,Highlands,1951,0,0,5,1211876.0925889746
1863,5,1,GreenValley,2008,1,0,5,582333.7252394626
3790,5,3,Highlands,1976,1,0,4,1237739.9080527779
4312,2,2,Highlands,1976,0,0,4,1151473.7193143226
1563,5,3,GreenValley,2021,1,0,1,503891.01989195927
2020,3,1,GreenValley,1956,1,1,4,504481.9771048569
1095,2,1,Suburbs,2012,0,1,2,440648.23598548525
2923,5,4,Suburbs,1995,1,0,3,864753.7739201622
2757,2,1,Highlands,2012,1,1,2,847129.165260666
3532,4,1,Highlands,1961,1,0,4,1031256.0651636997
4478,1,1,Lakeside,1962,0,0,5,1329155.4870288125
3278,2,2,Lakeside,1992,0,1,2,1130176.204076028
3796,1,1,Suburbs,1966,0,0,5,810641.7080995218
2678,5,4,Suburbs,2012,1,0,2,861733.1780278147
4242,1,1,Lakeside,1985,1,0,5,1335033.4548671125
1540,2,2,Lakeside,1957,0,0,2,608094.8845856185
2059,4,3,Downtown,2018,0,0,5,1003967.6125488859
3572,5,1,Downtown,1985,1,0,3,1182835.2767714371
2183,2,1,Lakeside,1977,1,1,1,810860.603413172
4910,5,2,Downtown,1996,1,0,2,1550703.5951772653
2722,3,1,GreenValley,2025,1,0,3,607896.3704780551
4314,1,1,Suburbs,1979,1,0,1,819659.6170082393
4157,3,1,Suburbs,1972,0,0,2,869680.7885803507
2819,2,2,Lakeside,1965,1,0,3,969523.1821545814
3625,4,2,Highlands,1963,1,0,3,1040061.837815697
3729,5,2,Lakeside,2023,1,1,3,1449255.1634451423
3604,1,1,Downtown,2020,1,1,4,1170737.216286422
2597,5,2,Highlands,2001,0,1,5,1016381.2454575913
4060,2,2,Downtown,1986,0,1,1,1186854.5551628666
3693,5,1,GreenValley,1978,1,0,5,815388.2477529825
1795,1,1,Downtown,2016,0,1,5,792174.5590056918
2051,2,2,GreenValley,1964,0,0,5,521945.40946032637
2643,5,1,GreenValley,1996,0,0,3,613628.6769890056
4627,4,1,Downtown,1995,0,0,5,1453151.5358776615
2363,2,2,Downtown,2001,1,0,4,911691.0397318074
4869,2,2,GreenValley,1968,0,0,2,839342.9846877943
2981,4,4,Highlands,1970,1,1,3,1061300.5088705681
2354,3,1,GreenValley,2013,1,0,1,486091.29813867284
2663,1,1,Suburbs,1986,1,0,2,605954.3718252098
2529,3,2,GreenValley,1976,0,0,2,557304.2935479203
3038,5,2,Highlands,2004,1,0,2,985897.1310755262
4419,4,2,Suburbs,1978,0,0,5,1043389.5200672608
2496,3,3,Lakeside,1969,1,0,5,1088512.7075262186
4302,2,1,Lakeside,1974,1,0,3,1303131.0183503188
3237,5,3,Highlands,2019,1,0,5,1211916.6550999838
4296,5,2,GreenValley,2012,1,0,5,941429.7544996395
2408,3,3,Downtown,1985,1,0,5,998034.6220395262
2400,3,2,Highlands,1951,1,0,3,780034.3036941185
2306,4,4,Suburbs,1971,1,0,3,716483.6939578985
3680,1,1,Suburbs,1965,1,0,4,772126.4395226281
3675,3,3,Lakeside,1967,1,0,4,1306900.5617292405
1972,3,2,Suburbs,2018,1,0,4,638641.0709576911
2768,2,1,Highlands,2003,1,0,4,863761.9087606159
2282,5,4,Suburbs,1979,1,0,2,734435.9809733224
4430,1,1,Highlands,1994,1,0,2,1102340.196446247
1709,2,1,Downtown,1968,1,0,4,634650.1449670271
2479,4,3,Lakeside,1983,0,0,4,1059692.5286424337
2434,4,1,Suburbs,1962,1,1,1,627583.6863428955
1648,3,3,Highlands,1992,0,1,2,728571.6089580557
1317,3,1,GreenValley,2011,1,0,1,378236.7822337628
4748,4,4,Lakeside,1971,0,0,1,1544718.1410772433
4296,3,2,Downtown,2001,0,0,5,1358491.0296992955
4890,1,1,Highlands,2001,1,1,3,1257679.3092739086
2257,3,3,Downtown,1985,1,1,2,929789.4881618578
1683,5,4,Downtown,2022,0,0,4,937842.8715893538
1663,3,2,Suburbs,1968,1,1,4,561594.4489462813
2998,2,2,Suburbs,1987,0,0,3,708806.6605302955
4898,1,1,Highlands,2019,0,0,2,1199998.2708922254
4445,2,2,GreenValley,2006,1,0,4,867396.2028037694
4743,2,1,Highlands,1969,1,0,4,1200094.883326893
2631,5,4,GreenValley,1958,0,1,5,736475.8477330437
2495,1,1,Downtown,1981,1,0,1,731781.853545457
4304,1,1,Lakeside,1953,0,0,4,1232111.0507324224
4763,1,1,Highlands,1999,1,1,2,1221720.5307140688
2136,1,1,Highlands,1954,1,1,3,652637.9092476519
2853,1,1,GreenValley,1969,1,0,5,550536.2717388059
2520,5,4,Downtown,2024,1,0,2,1127309.5864626204
3489,3,1,Downtown,1986,1,0,5,1167178.657972008
1563,2,1,GreenValley,1971,1,0,1,358323.0891895327
2291,1,1,Downtown,2007,0,1,4,844203.8818595293
4581,3,2,Suburbs,2017,1,1,2,1072565.671573804
4878,3,2,Lakeside,1993,1,0,3,1577061.2969134864
4457,2,1,Highlands,1983,0,0,1,1081818.7014693767
4458,5,1,Lakeside,1991,0,0,1,1409063.9792351434
4184,4,1,Highlands,1958,1,1,5,1221916.2621836762
2636,4,4,Suburbs,1956,1,0,1,719192.9526849702
4696,3,2,Downtown,2017,0,0,2,1386702.2219837448
3999,2,2,GreenValley,1968,0,0,5,767684.2881962176
4152,4,2,Suburbs,1980,1,0,1,921723.290811792
1698,3,1,Lakeside,1984,1,0,3,733407.6793350544
3160,5,3,GreenValley,2006,1,0,2,773247.5173374023
1001,4,2,Downtown,2010,1,1,3,725676.1106659574
1641,3,1,Suburbs,1980,0,1,3,490162.5136374739
3267,3,2,GreenValley,2002,1,0,5,725143.568355855
2589,1,1,Suburbs,1981,1,0,4,616731.5693317115
1854,5,3,Suburbs,2015,1,0,5,736100.5165479606
2759,1,1,Downtown,2008,0,0,2,842618.5241025569
4296,2,2,Highlands,1959,1,0,2,1075003.023832892
3432,1,1,GreenValley,1951,1,1,5,679315.9794194793
4474,1,1,Downtown,2015,1,0,4,1314253.4168258726
2661,4,4,Suburbs,2009,1,0,5,873557.3193293323
2153,3,1,Downtown,1966,0,1,2,757465.9583592634
2076,5,2,Highlands,1965,1,1,4,848152.1788972744
2707,1,1,GreenValley,1965,1,0,2,461227.11143910844
3777,5,4,Highlands,1995,1,0,4,1283624.989711572
2695,1,1,Lakeside,1988,1,0,4,934897.5541704816
2733,2,1,GreenValley,1980,1,0,5,576216.3948102087
2439,1,1,Highlands,1950,1,0,5,726788.1474712486
3294,4,2,Suburbs,1960,1,0,5,864351.5702008985
1835,3,3,GreenValley,1953,0,1,4,552681.6005986888
4510,2,2,GreenValley,2020,1,0,4,904129.9275178867
1202,1,1,Downtown,1975,1,0,2,452223.97399454593
4255,5,3,Suburbs,1999,1,0,3,1065088.159320973
1122,2,1,Lakeside,1961,1,0,5,581473.9159807047
1400,2,1,Highlands,2024,1,1,2,595852.5707648203
1766,1,1,Downtown,2014,1,0,2,652318.2504578095
1293,2,2,Highlands,1996,1,0,1,493398.93934261496
3327,5,3,Lakeside,2002,1,0,5,1420784.0484606905
4908,2,1,Lakeside,2020,1,0,2,1503016.9455405714
3931,5,1,GreenValley,1951,0,0,1,718259.7146168305
4681,1,1,Lakeside,1973,0,0,5,1377397.0528445872
1197,3,3,Highlands,1953,1,0,4,595284.4315550409
4029,2,1,Suburbs,1968,0,0,1,807672.6487130446
2930,3,2,Suburbs,1975,0,0,4,731342.3912334967
4582,5,4,GreenValley,2024,1,1,3,1034417.6643878419
3799,2,2,Highlands,1989,1,1,3,1117750.062000759
3191,4,4,Highlands,1999,1,0,3,1095804.5342269363
1608,3,1,Lakeside,1992,1,0,3,732404.7402526409
4272,2,2,Highlands,2024,1,0,2,1206121.590184885
2147,3,1,Downtown,2016,1,0,3,830989.2166211606
1186,2,1,Lakeside,1961,0,0,2,505567.131483114
4397,1,1,Downtown,2016,1,1,2,1282195.023870688
3511,3,3,GreenValley,1976,1,1,5,791799.7300974173
4420,4,1,Suburbs,2003,1,0,2,999755.5623268394
2794,4,3,GreenValley,2015,1,0,2,687404.722019391
1659,5,3,Suburbs,1998,1,1,3,684332.7039133003
3811,2,2,GreenValley,1965,0,1,2,702991.9760922245
4002,3,2,Highlands,1951,1,0,4,1112109.3942567816
2955,5,4,Downtown,2009,1,0,3,1199071.7916886748
3450,3,2,Suburbs,2003,1,0,1,818931.4710517715
2369,2,2,Lakeside,1979,0,0,3,898861.9880027908
2986,4,4,Downtown,1987,1,0,2,1107370.0695371144
2534,1,1,Lakeside,1977,1,0,4,875947.8717555917
1146,4,4,Downtown,1974,0,0,3,695211.9027877792
4219,5,2,Downtown,1959,1,0,4,1343176.439491307
3911,1,1,GreenValley,2009,1,0,1,655934.6336947614
2734,5,4,Suburbs,1991,1,0,1,791397.461245118
2843,2,2,Suburbs,1989,1,1,5,790059.3507692039
1488,1,1,Downtown,1991,1,1,5,705089.055727028
3976,5,3,Highlands,1996,1,0,3,1232588.0823531426
2959,2,2,Highlands,1986,1,0,5,948982.591387043
2663,4,3,Lakeside,1971,0,1,4,1153717.3737992551
3598,2,1,Lakeside,2006,1,0,5,1284650.944401099
3385,3,3,GreenValley,1976,0,0,4,735761.7219659572
3919,2,1,Downtown,1990,0,0,5,1203416.2423954557
1640,2,2,Lakeside,1983,1,0,5,812339.5059957685
2802,3,3,Lakeside,1981,1,0,5,1153865.019770212
3520,5,4,Downtown,2015,1,1,2,1374617.6621462933
2969,5,2,GreenValley,1961,1,0,2,666055.272434061
3198,2,1,Lakeside,1989,1,0,5,1103529.5021600877
2438,3,1,GreenValley,2022,0,1,4,601314.833916893
4369,3,3,Suburbs,2025,1,0,3,1052722.86107207
2634,4,4,GreenValley,2022,1,0,1,685052.1606305891
1262,5,4,Highlands,1959,1,0,2,664468.4712203331
2787,1,1,Highlands,1997,1,0,5,858576.6571248308
3191,5,1,GreenValley,1969,1,0,1,638512.8225893293
3393,5,4,Highlands,1988,1,0,2,1119027.515195445
1623,4,4,Suburbs,2009,0,0,3,622896.9854110623
2016,1,1,Downtown,2015,1,0,4,767303.2722204137
4643,4,4,Highlands,2014,1,0,5,1466700.8754914955
1880,1,1,Highlands,2000,1,0,3,609330.4922083397
3049,2,1,GreenValley,1985,0,0,2,582628.4813268367
3944,1,1,Suburbs,1973,1,0,5,869545.4901530083
2327,4,1,Downtown,1976,0,0,1,800455.2576086604
3301,5,4,GreenValley,1951,1,1,4,807570.216828899
4723,1,1,GreenValley,1980,1,0,2,780113.550483207
1452,1,1,Suburbs,2006,0,0,4,452852.8344664336
4108,3,2,Downtown,2015,1,0,5,1377525.0829614003
2183,5,2,Suburbs,1978,0,0,3,650674.083304614
4062,2,2,Downtown,1964,1,0,4,1222538.9760910224
3056,4,2,Suburbs,1961,1,1,1,788031.2343372531
4304,2,1,GreenValley,1977,0,1,2,776715.4870769294
4170,5,4,GreenValley,1973,0,0,1,867614.8060341678
2682,1,1,Lakeside,1970,1,0,4,929396.3150521237
3863,1,1,Highlands,1959,0,0,3,948051.8944011299
3255,5,1,Suburbs,1967,0,0,3,770303.9158479745
2154,1,1,Lakeside,1963,1,0,1,684385.235462117
1403,1,1,Highlands,1983,1,0,5,565305.7228567288
3199,1,1,Suburbs,2007,1,1,5,820812.9727903964
3101,4,4,Downtown,2025,0,0,3,1223496.1218931067
4191,4,3,Highlands,1971,0,0,1,1160503.2755900263
2696,3,2,GreenValley,2019,0,0,1,588270.4041805353
4991,2,1,Lakeside,1985,0,0,1,1387935.4243562731
1627,5,4,Highlands,1994,1,0,4,838242.5953199726
1586,5,1,Highlands,1985,1,1,5,779753.6422834891
2648,5,3,GreenValley,1971,0,0,5,671444.6973086573
2443,3,1,Suburbs,2010,1,0,4,676721.696847856
2445,4,3,Downtown,2005,1,0,2,1006554.5168997705
1103,3,1,GreenValley,1982,1,0,4,371072.5859429766
4923,5,1,Downtown,1994,1,1,1,1498916.149757816
1253,2,2,Suburbs,1985,1,0,4,451109.7309517022
4298,1,1,Highlands,1969,0,0,1,991280.8426115365
4183,4,1,Downtown,1967,0,1,3,1269082.8277663388
3557,4,2,Lakeside,1987,1,0,1,1205798.9902167823
2496,3,2,Lakeside,2016,0,0,5,1070987.8266169955
1098,4,2,GreenValley,1972,1,0,4,432145.47435391217
3200,5,3,Suburbs,1965,1,1,1,849333.1879757659
2884,5,3,GreenValley,2008,1,0,2,748091.860684319
3961,3,3,GreenValley,2018,1,0,3,816487.5784287777
2919,5,4,GreenValley,2017,1,0,2,735715.5812152788
1877,2,1,Lakeside,1970,1,0,2,709345.0285571833
1337,3,1,Lakeside,2019,1,0,2,709781.318387336
4777,2,1,GreenValley,1961,0,0,3,792172.3914421741
3869,1,1,Lakeside,1965,1,0,3,1149701.6542508428
4234,2,1,Suburbs,1963,0,0,3,870692.8487775491
4791,1,1,GreenValley,2010,1,0,3,845127.1146895287
1956,1,1,Lakeside,2020,1,0,2,757031.0063708166
2704,2,1,Downtown,1995,1,1,5,1003159.995198648
1160,3,1,GreenValley,1981,1,0,5,372518.2953052081
2603,5,4,GreenValley,1964,1,0,3,674060.8307105697
3848,5,2,Suburbs,1993,1,0,4,991505.476427048
1397,1,1,Highlands,1966,0,0,1,396222.9275116208
2300,1,1,Highlands,1990,1,1,4,730808.4083707136
1815,3,2,Suburbs,2003,1,1,4,658180.4084933102
4987,4,2,Suburbs,1993,1,1,4,1188197.4047934415
2527,2,2,Suburbs,1954,1,0,5,648724.206679874
2919,1,1,Highlands,1976,0,0,1,742680.6635103547
2415,5,1,Suburbs,1992,1,0,4,713476.2312757177
2158,3,3,Lakeside,1980,1,0,3,943886.789266176
2218,2,1,GreenValley,1966,1,0,5,513650.1386778699
1400,3,1,GreenValley,2003,0,1,3,456150.01706354786
1639,2,1,Downtown,2011,1,0,3,695252.8439406678
4104,2,2,Downtown,1981,1,0,4,1274857.647550408
3735,1,1,GreenValley,1989,0,0,3,648719.422017644
1459,3,2,Lakeside,1962,1,1,1,687060.1455305575
1954,3,2,Highlands,1984,1,0,3,711828.2741074263
4954,5,2,Highlands,1954,1,0,4,1385514.147720739
1469,5,3,Lakeside,2022,1,1,3,1000252.7369326489
4446,1,1,Highlands,1978,1,0,5,1179826.2427477993
2045,1,1,Suburbs,2019,1,0,5,567649.871246663
3797,4,4,GreenValley,1974,1,0,5,861030.5775652552
2693,5,4,GreenValley,1971,0,0,2,684496.9841637806
3085,2,1,Lakeside,2015,0,1,5,1156123.3022960122
3277,3,3,Highlands,1994,1,0,5,1109236.865493405
4436,1,1,Downtown,2018,1,0,2,1268919.0075122213
1562,3,2,Downtown,2021,0,0,5,803810.4023195031
3485,3,3,Highlands,1950,1,0,4,1026444.5296926522
2799,4,4,Downtown,1993,1,0,5,1189194.4548269964
4354,5,4,Lakeside,2024,0,0,5,1741594.7200618808
3074,1,1,Lakeside,1988,1,0,2,989669.7606288312
1225,3,1,Highlands,2003,0,0,4,566178.7056516653
4348,1,1,Downtown,2024,1,1,3,1304318.4346692786
1797,2,1,Lakeside,1978,1,0,1,678438.2079107412
4680,4,4,Lakeside,2003,1,0,4,1727083.8431866455
3331,2,2,Suburbs,1965,0,0,3,734742.350469847
3926,1,1,Suburbs,1969,1,1,4,868527.7845671077
1959,1,1,Lakeside,1995,1,0,3,748351.9772146724
2504,5,2,Highlands,2016,1,0,3,936143.2734767566
1452,3,3,GreenValley,2014,0,0,4,500074.60222072067
4067,3,2,GreenValley,2007,1,0,2,819209.5525718583
4900,2,2,Lakeside,2002,1,0,4,1578521.2620185365
1815,4,4,Lakeside,1950,1,1,4,1005972.7863738209
1658,3,1,Lakeside,2015,1,1,3,812306.1814601975
4587,5,4,Highlands,1978,1,0,1,1374365.104896813
1546,2,2,Suburbs,2019,1,0,3,537550.2690496952
2215,2,2,Lakeside,1957,0,0,5,884174.0649220543
4120,5,2,Lakeside,1978,1,0,4,1479669.1722980207
4583,4,1,Downtown,2000,0,1,4,1438890.4107471453
1016,5,1,Highlands,1982,1,0,2,526299.1506451075
4243,4,3,Lakeside,1952,0,0,3,1384085.6847314811
2243,5,4,Downtown,2009,1,0,2,1052114.0539606924
3205,5,2,GreenValley,1984,0,0,4,730867.7186796723
3524,1,1,Lakeside,2018,1,0,3,1155473.6426229763
2069,2,1,Lakeside,2025,1,0,3,874308.7435661346
4444,5,3,Downtown,1969,0,0,5,1485373.8489238978
3565,5,3,Highlands,2022,0,1,5,1294280.9480842387
3146,3,2,Lakeside,1988,0,0,1,1072195.248683202
4963,2,2,GreenValley,1953,1,0,5,897262.327907569
2768,3,3,Lakeside,1968,1,0,3,1060642.8457641227
2060,2,1,GreenValley,1994,1,0,5,484586.598878713
3327,3,3,Suburbs,1992,0,0,1,800993.4119824179
4420,5,4,Suburbs,1962,1,0,4,1125281.4593267604
3544,5,4,GreenValley,1962,1,0,5,826711.7690226644
1301,1,1,Highlands,2009,1,0,3,535248.9977204253
1180,3,2,Lakeside,2006,1,1,4,778929.9679297091
1606,4,1,Lakeside,2001,0,0,3,734032.9986241175
4170,1,1,Suburbs,2002,0,0,4,912672.3434983849
1699,3,1,GreenValley,1992,0,0,3,399259.5250002274
1992,3,3,Lakeside,2021,0,0,5,1031898.6816007514
2139,1,1,Lakeside,2021,0,0,5,880722.5428131378
1190,5,2,Highlands,1991,0,1,1,616440.3115182981
3300,3,3,Downtown,1975,1,0,4,1150863.3757767514
1980,5,3,Suburbs,1972,1,1,1,669441.9594178837
3975,1,1,Suburbs,1992,1,0,2,835802.2731055683
3006,5,3,Downtown,1977,1,0,5,1186969.342552868
2184,2,1,Lakeside,1958,1,0,4,820497.6050946922
4327,4,4,Highlands,1969,0,1,1,1276120.2176790584
4394,3,1,Highlands,2005,1,0,1,1149743.9663638233
1127,4,4,Suburbs,1988,0,1,2,543285.3768287833
3065,5,2,Highlands,2000,1,1,1,1038252.3604727316
2816,3,2,Downtown,1961,1,1,3,1006138.694342438
2758,5,3,Lakeside,2004,1,0,5,1263182.1050520814
3613,2,2,Downtown,1960,0,0,1,1000165.4128684764
1569,1,1,GreenValley,1975,0,0,1,320568.0740763105
2346,3,3,Suburbs,1991,1,0,2,677808.7092565127
2895,2,1,Highlands,1976,0,0,3,814993.2434166799
3733,2,2,GreenValley,1960,1,0,1,660208.549565274
4863,3,1,Highlands,1987,1,0,5,1305767.4706162785
1625,5,4,Lakeside,1992,1,0,5,1070125.2892341511
4359,2,2,Lakeside,1968,1,0,1,1273457.3237588026
3901,4,1,Lakeside,2013,1,0,3,1354146.656038975
2686,2,2,Highlands,1955,0,0,5,826464.0200104997
4009,5,3,GreenValley,1995,1,0,5,930483.5083721656
4710,5,3,Lakeside,1991,1,0,3,1668714.240528134
1154,4,4,GreenValley,2014,1,0,3,537877.3850741432
3537,2,1,Highlands,2021,0,0,1,938374.123210128
2409,5,3,GreenValley,2008,1,0,4,672757.5010797421
1784,3,2,Highlands,2001,1,0,2,680343.7596367532
4175,1,1,Highlands,1996,1,0,4,1095487.8520597345
4464,1,1,Suburbs,1956,1,0,4,900535.5727906479
4882,1,1,Highlands,1960,0,0,5,1180045.2781565106
1245,2,1,Highlands,2010,1,0,3,550055.3405737553
4247,4,3,Downtown,2017,1,0,5,1510751.7031400432
4110,5,2,Lakeside,1974,1,0,2,1384279.2875638884
2500,3,3,Suburbs,1961,1,0,1,658020.3761380587
2705,3,3,Suburbs,1975,0,0,2,685952.7769452324
3806,2,1,Suburbs,1961,1,0,5,831247.7674654357
1537,1,1,Downtown,1992,1,0,5,654446.6805588247
2890,2,1,Highlands,2000,1,0,5,882105.3482590104
2841,4,1,Lakeside,1986,1,0,5,1133701.7957481588
1920,4,1,GreenValley,1995,1,0,4,478127.3950382521
3455,5,1,Highlands,2002,1,1,1,1047515.0596501704
1524,5,2,Downtown,1962,0,0,4,769718.0598163187
3875,4,4,Highlands,2003,1,0,5,1297265.6118624003
2529,4,2,Highlands,2006,1,0,3,894253.9219219055
3950,4,4,Downtown,1953,1,0,4,1372007.4758119565
4896,2,2,Suburbs,2024,1,1,5,1162547.0459239152
1035,4,1,Suburbs,1998,1,0,5,503626.57272084214
1684,3,3,Lakeside,1956,1,0,1,746759.8224758898
1019,1,1,Lakeside,1960,1,1,2,484133.7047122485
3368,4,1,Suburbs,2003,0,0,4,821446.5401555361
4847,1,1,GreenValley,1994,1,0,4,849741.9621117619
3559,2,1,Highlands,1972,0,1,4,1036754.9966629349
1399,1,1,GreenValley,1977,1,0,5,369221.89521202643
3701,2,2,Highlands,2006,0,0,1,1038686.2406336464
1971,3,1,Suburbs,1975,1,0,5,616649.4607804484
2906,2,1,Lakeside,1974,1,0,5,1046116.5430905833
3518,2,2,Lakeside,2003,1,0,3,1226620.0140874628
2166,5,3,GreenValley,1978,1,1,1,587849.1496730935
2115,4,1,Lakeside,1985,1,0,4,916190.061136448
4425,4,2,Suburbs,1963,0,0,2,950194.1376521359
1833,3,3,GreenValley,1984,1,1,4,561783.8539427059
2823,3,3,Highlands,1979,1,0,5,963368.9766292602
3774,4,3,Lakeside,1966,0,0,1,1239842.9348041627
2982,5,3,Downtown,2016,1,0,1,1160305.7349398206
1853,4,3,Lakeside,1979,1,1,1,876765.6039603087
1050,5,2,Highlands,1994,1,1,3,676789.072302412
4736,3,2,GreenValley,2000,0,0,4,882988.2670611114
4769,1,1,Highlands,1996,1,0,3,1202464.2640453838
1574,3,2,Downtown,2002,0,0,2,683914.7348228544
4261,3,2,Suburbs,2013,0,1,5,1086284.743042051
2148,2,2,Lakeside,1987,1,0,3,861569.0831167989
3197,2,1,GreenValley,2013,1,0,3,621726.149172428
3361,2,2,Suburbs,1956,1,1,5,836744.4557117
3617,2,2,Highlands,1971,0,0,1,928137.0084832188
4413,5,3,GreenValley,1990,1,0,5,965273.5853695231
3352,4,3,Suburbs,2023,1,0,4,961106.6173148466
2715,1,1,GreenValley,1959,1,0,5,534322.9285194142
1681,3,2,Downtown,2006,1,0,1,692991.7025618159
1837,5,3,Downtown,1956,0,1,5,915297.0167352868
4854,1,1,Lakeside,1999,1,0,3,1435752.989832057
2077,5,2,Lakeside,2001,1,0,2,955957.0207562747
4050,5,3,Downtown,1982,0,0,3,1394799.335370049
3491,3,1,GreenValley,1950,0,0,2,637469.3312487463
3660,4,1,Downtown,2002,0,0,5,1241635.6380652285
4040,2,2,Lakeside,2009,0,0,4,1369980.1876609281
3311,4,4,Downtown,1983,1,1,5,1340611.833534032
4124,3,2,Downtown,1953,1,0,1,1174836.0081781459
2595,3,2,GreenValley,1966,0,0,5,597598.040796202
4051,3,2,Suburbs,1953,0,0,2,859416.7862365487
4691,1,1,Lakeside,1992,1,1,3,1411683.788581737
1004,4,3,GreenValley,1953,1,0,4,403364.0909039126
2126,4,2,Downtown,1950,1,0,5,873341.9879227763
2219,5,4,Downtown,2020,1,0,5,1132127.6535409493
1773,5,1,Suburbs,1999,1,1,3,625803.545956568
1876,5,3,Lakeside,2022,0,0,4,1045234.235257712
1991,3,2,Lakeside,2010,0,0,5,958820.6011542494
3931,4,3,Highlands,1984,1,0,5,1252810.8469287767
4421,3,3,Lakeside,1957,1,0,2,1428750.9135797042
1046,1,1,Suburbs,1973,1,0,2,325391.62046222034
3914,5,2,Highlands,1985,1,0,1,1125968.6160970822
3870,3,3,Highlands,1999,1,0,3,1178042.6119375322
3983,3,1,Downtown,1992,0,1,4,1240637.6628056448
4891,1,1,Downtown,1976,1,1,5,1415805.3715971184
3703,2,2,Lakeside,1981,0,0,5,1258314.9761580054
1268,4,4,Highlands,1967,0,1,1,666422.3020347136
1369,2,1,Downtown,1977,1,0,5,634271.0593910052
1635,5,3,Suburbs,1978,1,0,3,601158.1887827063
2129,3,2,Downtown,1965,1,0,1,754233.5070716334
2693,1,1,Downtown,1996,1,0,3,871362.5001765174
2682,1,1,Highlands,2008,0,0,1,713489.6411769055
1656,4,3,Highlands,1980,0,0,5,772902.638936842
1119,2,1,GreenValley,1953,1,0,1,224394.13924326302
1830,4,3,Suburbs,1986,1,0,2,572460.1647585155
2810,3,3,Highlands,1966,1,0,4,917632.9614555371
4675,4,1,Lakeside,1988,1,0,5,1569359.345509375
2081,1,1,Suburbs,1997,1,1,4,615547.4565441282
2974,1,1,Suburbs,1995,1,0,5,707613.5846667587
2369,5,4,Highlands,1997,0,0,4,968178.5388756809
1740,5,3,Suburbs,1988,1,0,2,629829.0958608713
4545,3,3,Highlands,1953,1,0,4,1258151.7180753145
1116,2,2,Downtown,1979,0,1,1,519261.13846054766
2853,4,2,GreenValley,1979,1,0,4,658671.1274385306
3838,3,2,Downtown,1971,1,0,5,1274236.3273727852
2150,5,1,Highlands,2024,1,0,3,860189.0143310719
4464,4,1,Highlands,2015,0,0,4,1267151.2398343892
2931,5,4,Downtown,1961,1,1,4,1248747.4541087947
2012,4,4,Lakeside,1985,0,0,4,1026666.4253110196
2664,2,1,Lakeside,1967,1,0,5,985560.4120180773
2081,3,2,Lakeside,2002,0,0,4,910111.0514117705
1633,4,1,Highlands,2020,0,0,5,721273.7441937792
1512,1,1,Suburbs,1950,1,0,5,419314.2656275605
4822,1,1,Highlands,2007,1,0,3,1218491.7662628773
3849,4,4,Suburbs,1955,0,0,1,904783.6985563689
2119,4,1,Downtown,2019,0,0,5,920479.9096289551
4709,4,4,GreenValley,1993,1,1,2,1021023.8230212285
2141,1,1,Suburbs,2021,1,0,4,607084.1719387358
1559,1,1,Lakeside,1973,1,0,2,570298.8745075051
4672,4,4,Highlands,1968,0,0,4,1367912.4843141625
1487,5,1,Downtown,1967,1,0,3,715873.3828367281
4308,5,2,Lakeside,1979,0,0,5,1540637.1976390618
4956,2,1,Downtown,1991,0,0,1,1330175.732451361
1896,3,1,GreenValley,1982,1,0,5,491743.75104528974
4343,5,3,Highlands,2023,1,0,4,1384998.9769213554
2212,1,1,Highlands,1961,1,1,1,605619.9294796087
1703,5,1,GreenValley,1976,1,0,5,507365.95263295795
2470,2,1,Highlands,1988,1,0,1,683049.7548534425
1580,2,2,Suburbs,1958,1,0,4,495527.8959256263
3837,3,2,Downtown,1970,1,1,3,1245207.5586511747
3908,5,1,Lakeside,2025,0,1,3,1469530.669556316
3294,1,1,GreenValley,1978,0,0,5,601669.5624912998
4147,1,1,Suburbs,1982,1,0,2,822293.0866530637
1153,4,4,Lakeside,2011,1,0,4,896938.9571179609
2679,1,1,Lakeside,1964,0,0,5,902672.8467806735
4506,3,3,GreenValley,1951,1,1,5,923338.5368458191
1996,3,2,Suburbs,2001,0,0,3,618297.8075986519
4157,1,1,Lakeside,1993,1,0,1,1187342.9369598576
3744,1,1,Lakeside,2003,0,0,4,1179751.0591101896
4356,4,1,Suburbs,1967,1,0,1,902242.3223333459
2243,1,1,Highlands,1952,1,0,4,616766.2793415997
2092,4,1,Lakeside,1956,0,0,2,773653.2630012439
4118,4,2,Downtown,1992,1,0,3,1321461.7111944556
2008,1,1,Suburbs,1987,1,0,2,478526.4878726233
3141,2,2,Lakeside,1986,1,0,5,1152482.8731052405
2773,2,1,GreenValley,2007,1,0,3,586017.0496137241
1957,4,4,Downtown,1982,1,0,5,973663.6572816187
4059,1,1,Lakeside,2008,0,0,2,1214269.2629141235
1452,2,1,Downtown,1960,1,0,4,597350.7025100229
2227,1,1,Downtown,2017,0,1,5,865865.5853925
3959,1,1,Highlands,2017,0,1,1,1022333.6854036086
3265,1,1,Downtown,1971,0,1,4,1000061.1150047774
3521,5,3,Highlands,2015,1,0,4,1218060.554197986
3479,1,1,Suburbs,1993,1,0,2,759387.3903303209
3388,5,3,Highlands,1955,0,0,2,1033014.3830634031
1550,4,4,GreenValley,1991,0,1,3,566171.2900041146
2635,2,1,Lakeside,1974,1,1,3,969601.4150353852
2312,2,2,Suburbs,2006,0,1,1,600703.7278981041
4325,2,1,Suburbs,2004,0,0,4,937851.0268629153
2757,2,2,GreenValley,1965,0,1,1,547277.7886543601
1356,2,2,Highlands,1963,1,0,1,493877.464658939
3070,2,2,Lakeside,1988,1,0,2,1085894.6949615786
2785,2,1,Highlands,1977,1,0,1,739042.2930366918
3569,4,3,Downtown,2000,1,0,1,1208653.5914743003
2781,1,1,Highlands,1998,1,0,5,861441.9692253257
4908,3,2,Suburbs,1958,1,0,3,1045352.5873754116
4171,5,2,Lakeside,2007,1,0,3,1531813.2016677868
3849,3,1,Highlands,1994,1,0,4,1079838.8953718124
4251,3,3,Lakeside,1971,0,1,3,1468022.0487320048
4294,1,1,Lakeside,1981,0,0,4,1294012.698816542
4977,1,1,Downtown,2018,1,0,5,1478797.330474706
3809,1,1,Downtown,2018,1,1,3,1190125.520232345
4730,2,1,Suburbs,1991,1,1,5,1085822.8182760875
3489,4,1,GreenValley,2002,1,0,3,725465.1613064066
2631,2,2,Lakeside,2008,1,0,3,1006625.8809460611
3816,4,4,GreenValley,2023,0,0,5,893625.9548326074
2015,4,1,Suburbs,1988,1,0,1,532253.9671893687
2348,3,3,Lakeside,1964,1,0,1,895308.6181272772
1515,3,1,Lakeside,2020,1,1,1,753996.0756558559
4087,4,1,GreenValley,1978,1,0,1,748069.7685587362
3839,4,1,Highlands,1952,1,1,3,1089544.1914996032
1335,2,1,Downtown,1959,0,1,2,544854.435260795
2782,2,1,Highlands,1978,1,1,5,889462.3017751145
3305,3,1,GreenValley,1984,0,0,2,662340.6974706796
1496,1,1,Downtown,1955,1,1,2,553542.6449848586
1895,4,4,Highlands,1961,1,0,4,817709.6141613715
3207,2,1,Downtown,1987,1,0,1,932735.2185866165
4546,3,1,Lakeside,1968,1,0,3,1381938.5506483472
1851,2,2,Highlands,2016,1,0,1,657700.5455266933
2687,4,4,Downtown,1957,1,0,1,956525.3080014221
2931,4,4,Downtown,1957,1,0,2,1091836.7426290284
3737,5,1,Downtown,1996,1,0,4,1228917.587999741
4746,1,1,Highlands,1953,1,0,1,1072384.0646005177
3427,5,4,Suburbs,2000,1,0,5,1005095.1649801495
2568,3,1,Highlands,2016,0,0,5,868760.7202211454
1956,2,1,GreenValley,1994,1,1,1,442206.7210061618
3738,3,3,Highlands,1957,1,0,2,1084147.7919119291
4498,4,4,Downtown,1965,0,0,2,1394160.7394179448
2636,5,4,Lakeside,2016,0,0,3,1244676.8931719118
2291,5,2,Highlands,1958,0,0,4,840192.32743901
4906,5,4,Highlands,2009,1,0,2,1442453.3769963535
4648,3,2,Downtown,2020,1,0,3,1445691.7084985785
2440,4,3,Lakeside,1964,1,1,5,1165156.8863923855
2191,2,1,Lakeside,2020,0,0,5,901485.1482392082
4913,2,1,GreenValley,1990,1,0,5,924452.3905496695
2066,3,3,Highlands,1971,0,0,1,690117.8012789836
4627,5,2,Lakeside,1973,1,1,4,1638823.2900564848
1284,1,1,Lakeside,1993,1,0,3,579969.3741907945
3444,3,1,Suburbs,1950,0,0,4,769198.5774729719
1011,3,2,Suburbs,1959,1,0,1,346080.42722958635
2630,4,4,Lakeside,2021,0,0,3,1193721.207002712
4373,2,1,GreenValley,2005,1,0,3,814202.2262097031
4969,3,3,Lakeside,1999,1,0,2,1624456.5375914501
4324,3,2,Downtown,1961,1,0,4,1322109.383438167
3546,5,4,Highlands,2009,0,0,4,1224701.494337767
1753,5,1,GreenValley,1975,0,0,2,457472.7381467495
3082,1,1,Downtown,1990,1,0,5,995942.6351323257
3774,4,1,GreenValley,1985,0,0,1,675422.9992248912
3896,1,1,Downtown,1972,1,0,4,1108533.4272454954
1089,5,3,Highlands,1992,1,1,2,670847.1321953709
1775,2,2,Highlands,1955,0,1,3,614277.8286054397
3652,5,3,Suburbs,2018,0,0,2,954832.7980432286
4993,4,3,Downtown,1992,1,0,5,1640062.8290503768
4017,5,4,Suburbs,1974,1,0,1,991003.1162565991
2625,4,4,Downtown,1967,1,0,5,1113514.6182788692
4069,4,4,Suburbs,2011,1,0,3,1070302.4385177637
1417,4,2,Highlands,1962,1,1,3,644680.3139353996
1114,4,4,GreenValley,1992,0,0,3,454686.27303999057
1616,4,1,Suburbs,1977,1,0,3,531812.7383494837
4974,2,1,Downtown,1967,1,0,2,1329175.5946041162
4267,1,1,Downtown,2008,0,0,3,1211696.6679210158
1825,3,2,Highlands,2009,0,0,3,727571.9481586167
4572,1,1,Downtown,2012,0,0,2,1254707.055812671
2649,4,4,Lakeside,2006,0,0,3,1147262.9169967202
2516,2,2,GreenValley,2000,1,1,5,644057.9657417348
4146,5,4,Suburbs,2005,1,0,5,1137618.3285248964
1412,2,2,GreenValley,1976,0,1,4,453837.5391500624
4447,4,3,Highlands,1981,1,1,5,1396490.1411142126
4491,2,1,Suburbs,1958,1,0,1,861453.4255379118
1728,2,1,Suburbs,2017,1,0,1,493817.67894161784
4348,4,1,Lakeside,1995,1,0,1,1374830.8635445067
4068,2,2,Highlands,2016,0,1,2,1126179.0402942027
3808,3,3,Downtown,1975,1,0,5,1314507.9117187907
1675,3,2,Lakeside,1957,1,0,1,671900.6512889938
4465,2,2,Lakeside,1955,0,0,4,1392320.5243916102
2892,5,2,GreenValley,1973,0,0,2,633576.5382378428
3504,4,1,GreenValley,1997,0,1,4,780945.402257532
3967,3,2,GreenValley,1994,0,0,5,822505.2222485872
3239,5,1,Lakeside,1962,1,0,3,1169732.600539439
3786,2,1,Downtown,2018,1,0,4,1196944.2076427576
4760,5,4,Suburbs,1974,1,1,3,1207295.0927081974
2122,1,1,GreenValley,1969,1,0,2,387826.978239819
2571,3,2,Downtown,2015,1,0,4,1011964.6964568745
1977,2,2,Highlands,2023,1,0,4,751950.1268710342
2008,4,3,GreenValley,1994,1,0,2,536987.3428872036
3143,2,2,Suburbs,1996,0,0,2,719232.9360138306
2687,4,3,Highlands,2012,1,0,1,941443.4140391196
3710,2,2,Highlands,2025,1,0,5,1150628.5979786557
4261,5,2,Suburbs,2004,0,0,4,1055136.4051403077
4807,5,1,GreenValley,2024,1,0,4,976372.9341365836
1036,5,1,Lakeside,1968,1,0,2,622803.8074833048
4851,1,1,Suburbs,1984,1,0,2,955075.6293673475
4440,4,1,Suburbs,2002,1,1,5,1097532.5561812706
4766,5,1,Suburbs,1975,1,1,2,1068636.2021075787
2548,1,1,Highlands,1963,1,0,3,714861.5394049938
3326,4,1,Downtown,1994,1,0,3,1127242.3393020437
3264,2,1,Lakeside,1993,1,0,3,1092688.6657039665
3914,1,1,GreenValley,2014,1,0,3,720884.0745547928
1872,3,2,GreenValley,2000,1,0,5,519488.3549942442
2821,1,1,Downtown,1992,1,0,4,896418.8035404645
2296,1,1,Suburbs,1972,1,0,3,508533.64907711366
4952,4,3,Lakeside,2005,1,1,2,1705866.3621986802
3109,2,2,GreenValley,1968,0,0,3,613431.801460929
1595,3,1,GreenValley,2025,0,0,5,484572.75074101466
2903,5,4,Suburbs,2004,0,0,2,891444.0047668209
1728,5,4,Downtown,2009,1,0,3,951206.1492779943
2365,1,1,Lakeside,2008,0,0,4,862719.2738856834
1396,4,1,Downtown,1982,0,0,2,621470.543992932
1698,4,1,Downtown,1968,1,0,2,645515.4556763166
4090,5,1,Lakeside,1977,1,0,4,1394495.9916613076
3224,3,2,Lakeside,2001,1,1,2,1217749.620418832
2635,2,1,GreenValley,1998,0,0,3,539517.3869554595
1395,3,2,GreenValley,1986,1,0,2,403861.30948403815
3492,2,1,Lakeside,1975,1,0,3,1102413.7326324852
4304,5,2,Highlands,1989,1,0,4,1298943.7526037395
4986,2,2,GreenValley,1987,1,0,1,856486.1511803035
1075,4,3,Highlands,2003,1,0,4,675476.6499304585
1264,1,1,Lakeside,1971,0,1,3,543134.7465722015
3502,1,1,GreenValley,1965,0,1,5,670999.5451892617
2819,5,4,Downtown,1977,0,0,4,1183725.2841074378
1717,4,4,Lakeside,1984,1,1,5,1049088.2131539371
3782,3,1,Suburbs,2009,1,0,5,928653.6271771233
4455,4,2,Highlands,1994,1,0,3,1269025.6550379638
4635,1,1,Lakeside,1995,0,0,3,1360651.7211251673
1850,1,1,Lakeside,2021,1,1,1,757034.7796952638
4577,4,3,GreenValley,2004,1,0,2,928492.8162601478
2390,4,1,GreenValley,1975,1,0,4,570417.2376265876
1143,1,1,GreenValley,1974,1,0,3,297503.2492340172
1884,3,1,Suburbs,2014,0,0,4,584964.3458376055
4140,5,1,GreenValley,1955,1,0,5,830555.6685621868
4170,5,4,Lakeside,1972,1,1,2,1539177.1194035932
1395,4,2,GreenValley,2013,0,0,1,463247.97514777805
4096,5,2,Downtown,1992,0,0,4,1378526.5912432082
3995,1,1,GreenValley,1972,1,0,2,664778.9619207317
3938,1,1,Suburbs,1979,1,0,1,779820.906065751
2492,4,3,Downtown,1967,1,0,4,983370.889161297
4555,4,2,Lakeside,1970,0,0,2,1428630.7267625595
4636,4,2,Lakeside,2006,1,0,3,1553833.171883113
4222,3,1,Highlands,1972,1,0,4,1142164.8273153934
2167,5,1,Downtown,1994,1,0,2,835088.9216080492
3616,4,4,Highlands,1993,1,0,1,1139255.143414693
2062,2,1,Downtown,1996,0,0,2,711193.8162136924
3156,2,1,Downtown,1989,1,0,3,974904.2910062458
4764,1,1,Suburbs,2000,1,1,4,1041273.413062986
2065,5,1,Highlands,1991,1,0,4,791665.0347196639
2209,4,1,Suburbs,1956,1,0,4,621160.9644640486
3982,2,2,Downtown,1999,1,0,3,1224421.229271563
3445,5,1,Lakeside,1997,1,0,1,1213340.8018757037
4294,1,1,Downtown,1955,1,1,4,1197694.6226949752
1633,3,3,Suburbs,1958,1,0,1,481770.3612735017
2156,5,3,Highlands,2006,1,0,2,860230.5551807018
4234,5,3,Highlands,1980,1,0,1,1233310.5063760749
2238,3,3,Suburbs,1970,1,0,1,619396.3454916239
1732,5,1,Highlands,1989,1,1,4,781813.1605017403
1234,1,1,GreenValley,1994,0,0,5,347843.85207413946
4914,1,1,Lakeside,1998,1,0,5,1477978.1940108712
3705,3,3,Lakeside,1969,0,0,3,1273571.7844213634
1750,4,1,Lakeside,1966,1,0,3,777058.2362647561
3635,2,2,Highlands,1977,1,1,5,1150377.1330744987
4080,4,3,Highlands,1990,1,0,2,1200214.07168934
4145,5,2,Downtown,2015,1,0,4,1430099.0173359886
1953,2,1,Downtown,1974,1,0,4,729544.5717193224
3539,3,3,Lakeside,2007,1,0,2,1289753.3733516783
3960,3,1,GreenValley,1990,0,0,2,744350.6011089481
4324,2,1,Downtown,1955,1,0,5,1239678.170126278
4301,1,1,Downtown,2024,0,0,3,1233225.0342151346
2542,2,2,Highlands,1987,1,0,2,794711.7961140851
2197,5,1,GreenValley,1955,1,0,3,528484.7146894783
2676,1,1,Lakeside,1994,1,1,1,918071.1150763704
2191,3,1,Downtown,2024,0,0,4,865706.759228555
3217,2,2,GreenValley,1963,0,0,5,674473.5175355306
2416,4,4,GreenValley,2015,1,0,4,674966.3944008456
3993,4,3,Lakeside,1989,1,0,5,1482838.170327914
3842,5,4,GreenValley,1952,1,0,1,822546.0987468888
3681,4,4,GreenValley,1973,1,1,4,864360.4936319713
2217,2,2,GreenValley,1968,1,0,1,474686.4879881999
2540,2,1,Downtown,1967,0,0,5,851047.0643716373
3076,4,1,Lakeside,2013,1,0,2,1132257.3863720396
4236,2,1,GreenValley,1984,1,0,4,766788.6871131366
2445,5,4,GreenValley,2011,0,0,1,651908.6564752427
3386,1,1,Downtown,1950,1,0,4,987685.6085447514
4719,5,1,Lakeside,1974,0,0,4,1536740.804411075
2519,5,4,Highlands,1994,1,0,4,1038977.8729361034
2388,2,1,Downtown,1998,0,0,3,816332.6093909043
2856,1,1,Lakeside,1965,1,0,1,827317.3797500755
2365,2,1,GreenValley,1968,0,0,1,449438.20497629076
1499,3,2,Lakeside,1972,1,0,4,752969.8191541022
2680,2,1,Lakeside,1974,1,0,2,884665.2138755795
1510,2,2,Lakeside,1965,1,0,4,738992.9278350798
4398,2,2,Highlands,2003,1,0,3,1214404.9505024727
1216,1,1,Lakeside,2022,1,0,5,667340.4696358419
2324,2,1,Highlands,1950,0,0,3,646665.2709451457
2155,1,1,GreenValley,1991,1,0,2,441338.04889537336
2827,4,4,Highlands,1968,0,0,4,1021854.4973150849
4141,3,1,GreenValley,1983,1,0,1,740657.1587069615
4323,1,1,GreenValley,2004,1,0,4,828630.7297999645
4486,4,3,Highlands,1967,1,1,2,1277884.8095386995
2810,1,1,Downtown,1983,1,0,1,802832.2086949396
3492,1,1,Suburbs,1994,0,0,3,735337.1683670516
3923,3,2,Lakeside,1955,0,0,5,1306415.3209187055
2205,5,3,Suburbs,1970,0,0,5,724528.1774308597
3214,5,2,Lakeside,2019,1,0,4,1320299.8998000168
1090,1,1,Lakeside,1997,0,0,3,539325.0770747843
1713,2,1,GreenValley,1988,0,0,2,405576.6549326377
2881,4,3,Lakeside,1980,1,0,5,1231528.917671962
4602,2,1,Lakeside,1959,1,0,3,1347083.2215766595
1038,2,1,Highlands,1979,1,0,4,467832.90435833466
4197,1,1,Suburbs,1967,1,0,1,815832.1311221665
4522,1,1,Highlands,2009,0,0,4,1171712.8642685425
1172,1,1,Lakeside,2022,1,0,4,632318.6106960062
1652,1,1,GreenValley,1964,1,0,3,369520.89510950644
1753,5,3,Highlands,1953,0,0,5,790072.9581136574
2243,1,1,Highlands,2012,0,0,3,683689.2995495955
4709,5,4,Downtown,1989,1,0,1,1517179.8613096788
2081,5,2,Lakeside,1958,1,0,3,902042.5149975949
2683,1,1,GreenValley,1958,0,1,2,499390.2251151219
3523,3,2,Highlands,1975,1,1,4,1124524.589596995
1455,4,2,Highlands,1953,1,0,5,645159.5509507314
1828,2,2,GreenValley,1965,1,0,1,419749.03621551086
1894,5,2,Lakeside,1964,1,0,4,909326.1576097981
2384,4,1,Downtown,2001,1,0,3,903275.5269613038
2958,3,3,Highlands,2018,1,0,2,1001277.2522017675
4072,2,2,Downtown,1954,1,0,3,1178069.127650067
3434,2,2,Suburbs,1969,1,1,4,848933.8969473572
2996,5,1,Lakeside,1967,1,0,1,1045319.4213431855
3395,1,1,Suburbs,1951,1,0,5,731065.7850735489
1189,3,3,Suburbs,1962,1,0,4,507811.463338803
1504,5,3,Suburbs,1953,1,1,1,559636.2671915081
2214,3,1,Lakeside,1991,0,0,4,864121.8462662414
2531,1,1,Lakeside,2023,1,0,2,884184.489713011
4440,1,1,GreenValley,2010,1,0,3,752590.2072881017
4480,5,1,Downtown,1957,1,1,5,1451219.8804826196
1823,1,1,Downtown,2016,0,0,1,632184.2469502325
1928,4,4,GreenValley,2012,1,1,5,661164.7525833007
1933,2,2,GreenValley,1958,1,0,5,494426.3238750774
2140,5,3,Suburbs,1960,0,0,5,715358.5107609286
1133,3,3,GreenValley,1991,1,0,1,374575.0871161874
3105,4,1,Highlands,1962,0,0,1,858168.5123447726
4627,5,3,Downtown,1985,0,0,5,1547404.3433966262
1684,1,1,GreenValley,1962,1,1,3,423755.0256975483
3719,1,1,Highlands,1961,1,0,4,932719.5154649966
3220,1,1,Highlands,1986,1,0,5,916208.9667261314
2852,1,1,Highlands,2023,0,0,2,795601.8196397502
1814,3,2,Highlands,2022,1,0,5,800333.0046801898
2172,4,3,Suburbs,2001,0,0,1,658124.9647643242
1079,2,1,Highlands,2020,0,0,4,575370.6097649435
3933,3,1,Suburbs,1951,0,0,2,808770.9923030214
4284,3,2,Suburbs,2005,1,0,4,1022023.6036393822
1202,2,2,Highlands,2009,1,1,4,623971.6071464871
3811,2,1,Downtown,1972,1,0,2,1047618.6529101937
2252,1,1,Highlands,1989,1,1,5,790033.5124705213
2699,3,3,Highlands,2013,0,0,5,978454.9376612643
2250,5,1,Highlands,1972,1,0,5,880191.3752986842
2682,2,2,Downtown,1978,1,0,3,924178.6742757835
2555,2,2,Lakeside,2000,1,0,5,1055467.1421017195
4512,4,2,Lakeside,2018,0,1,2,1565937.9334383816
4473,5,3,Suburbs,1980,1,0,3,1097904.6514758319
3094,5,2,Suburbs,1999,1,0,5,885691.4958195435
2256,2,1,Downtown,1969,1,1,3,775411.4594426948
4376,1,1,GreenValley,2004,1,0,2,757283.7231022624
2549,4,1,Lakeside,1951,0,0,5,967722.906637094
2166,5,3,Suburbs,1974,1,0,1,650272.7404815786
4486,2,2,Lakeside,1962,0,1,2,1355874.2467506009
4584,5,3,Downtown,2019,1,0,4,1580372.845275563
2396,4,4,Downtown,2016,1,0,4,1124344.9870045942
4637,4,2,GreenValley,2007,0,0,2,902282.1867659122
4957,3,3,GreenValley,2024,1,1,4,1044250.3969385526
4330,2,1,Downtown,2013,1,0,2,1266803.9688945045
3703,4,2,Suburbs,2018,0,0,1,868415.997986085
1470,3,1,Lakeside,2008,1,0,2,686896.1281236779
4018,3,2,Highlands,2009,0,1,5,1250980.6261156728
2035,5,3,GreenValley,2011,1,1,5,669841.1175360077
2353,5,4,Highlands,1965,1,1,3,970360.8737213232
3783,3,2,Suburbs,2017,1,0,4,934457.1310892084
3831,5,4,GreenValley,1964,1,0,4,845413.5560584958
1967,4,2,Highlands,2004,1,0,2,770070.2813406731
1357,1,1,Suburbs,1984,1,1,4,472910.6877826664
4019,4,1,Lakeside,2004,0,0,5,1402453.4350913884
4479,3,1,Suburbs,1963,1,0,1,879628.0612629367
1667,3,2,GreenValley,1998,1,0,2,423711.16716480645
1372,4,4,Downtown,1956,0,0,4,786843.0022430165
2031,5,3,Lakeside,1979,1,0,5,1062657.6128025744
2145,5,3,Highlands,1998,1,0,3,880656.6005424763
2371,3,1,GreenValley,1965,1,0,4,524104.07654258783
3723,2,1,Downtown,2000,0,0,1,1019028.2662477662
1089,5,1,Suburbs,2021,0,0,1,459983.4771064935
4719,4,3,Downtown,1991,0,0,4,1544208.86537828
3745,5,2,GreenValley,1966,1,0,4,788894.8948668094
4387,4,1,GreenValley,2012,0,0,5,923198.605549703
4249,3,1,Downtown,1994,1,0,4,1304628.6765080835
1539,5,2,Suburbs,1956,0,0,3,550936.296928155
3779,4,1,Downtown,1976,1,0,5,1244630.5656644353
1868,3,3,GreenValley,1959,1,0,2,479588.96783507493
1040,2,1,GreenValley,1983,1,0,3,346408.8861377293
1739,4,1,Highlands,1985,0,0,5,712917.2590790277
4775,2,1,Highlands,1974,1,1,5,1298182.2211749924
2946,2,2,Lakeside,1955,0,0,1,882770.4474289222
3549,1,1,GreenValley,1973,1,0,5,651429.1215121564
4006,5,1,Highlands,1967,1,0,3,1140490.1246102839
4216,4,2,Downtown,1955,0,0,4,1318610.7495805686
2224,2,2,Suburbs,1978,1,0,3,601286.7660086944
1928,1,1,Downtown,1974,1,0,2,613102.4304168158
3036,3,1,Suburbs,2004,0,0,5,755952.4441624259
4795,4,2,Highlands,1995,1,0,5,1383895.7241377432
3508,2,1,Lakeside,1973,0,1,5,1207233.7169379555
3779,5,2,Downtown,2024,1,0,5,1389985.4002163135
3799,1,1,Downtown,1975,1,0,1,996190.5559440381
1924,2,2,Downtown,1977,0,0,1,656224.2410478505
3956,5,3,Suburbs,1952,1,0,4,1016666.1750518358
2581,2,1,Highlands,2024,1,1,5,934378.0908183262
4618,4,3,Downtown,1987,1,0,2,1454417.5767805518
4324,4,1,Downtown,2010,1,1,4,1436878.2957114063
1389,4,1,Lakeside,2000,1,0,5,810095.9005353571
2617,1,1,Lakeside,1997,1,0,1,839355.2763632596
3930,4,2,Highlands,1970,1,0,2,1098238.7757348227
1255,5,2,Highlands,2003,1,0,4,713152.4093888741
1708,2,2,GreenValley,2005,1,0,2,442546.07076756516
2838,3,2,Lakeside,2008,1,0,5,1154742.5389629854
2944,5,4,GreenValley,2021,1,0,3,806845.5001519468
3497,5,3,Suburbs,2000,1,0,2,904756.0905742787
1009,4,3,GreenValley,1969,1,1,2,441047.09236850974
3871,1,1,Downtown,2008,1,0,1,1087752.0786976165
1797,2,2,GreenValley,2020,1,0,5,515271.9890089101
4313,1,1,Highlands,1958,1,0,2,1019118.7183083049
4322,2,2,Suburbs,1950,1,0,5,949497.048989541
1876,2,1,Downtown,1978,0,0,1,612784.8859253257
2028,1,1,GreenValley,2012,1,1,5,542065.9687874408
4190,5,1,Suburbs,2021,1,1,1,1022270.4528162014
2015,2,1,Suburbs,2005,1,0,1,529470.7462147535
2824,1,1,Downtown,2017,0,1,4,971843.5136237068
1373,2,1,GreenValley,1984,0,0,5,414998.37642790965
4136,3,3,Suburbs,1952,1,0,3,964994.1032518644
3193,5,4,Suburbs,1956,1,0,4,901689.9142251797
1223,4,4,Lakeside,1976,0,0,1,731065.6757404984
2262,2,2,Suburbs,1950,1,0,3,582883.7342886508
3224,3,3,Lakeside,2020,1,0,2,1236955.5751706848
2802,4,1,GreenValley,1993,0,0,2,584596.6503362939
1852,4,2,GreenValley,1990,1,0,4,554040.6201766671
4353,2,2,GreenValley,2024,1,0,3,854747.8437046167
1062,1,1,Highlands,1991,1,1,5,539763.1783550468
2240,2,2,GreenValley,1982,1,0,3,536796.5609819612
4925,3,1,Suburbs,1999,1,0,4,1123225.0850104676
3874,4,4,Downtown,2012,1,0,5,1453354.1257952915
3842,2,1,Lakeside,1986,1,0,5,1279834.9962361834
1688,1,1,Highlands,2008,0,0,2,542692.460179143
2484,2,2,GreenValley,1997,0,0,3,551452.0464910702
2633,5,4,GreenValley,1954,1,0,5,716283.5733291784
3152,1,1,Downtown,1997,1,0,4,983925.3223779451
4170,3,1,Downtown,1952,0,0,2,1118044.6347058075
1510,4,3,Highlands,1996,1,0,5,804850.3786727462
1384,2,2,Lakeside,2011,0,0,3,708603.2375120567
1404,1,1,GreenValley,1963,1,0,2,300622.96399990766
3870,5,1,Highlands,2012,1,1,3,1221371.695118811
1517,1,1,Suburbs,2010,1,0,3,485599.2578893063
1475,5,4,Suburbs,1980,1,1,3,655354.6757183651
3000,3,1,Highlands,1966,0,0,2,815687.1031961543
3756,4,1,GreenValley,1973,1,1,5,783371.0288864771
4934,3,3,Highlands,1972,0,0,1,1267403.0756418926
2668,2,2,GreenValley,1999,1,0,5,639795.9307917183
2893,1,1,Downtown,2019,0,1,2,916054.901160675
3818,5,3,Highlands,1976,1,0,1,1137855.3794633728
2460,5,1,GreenValley,1964,1,0,1,544523.9094929488
4094,1,1,Highlands,1999,1,0,1,1016692.2019834887
4044,1,1,Highlands,1985,1,0,4,1040448.724786067
4636,2,2,GreenValley,1957,1,1,2,842975.6231235336
3724,3,2,GreenValley,1952,0,0,4,728891.7825578107
1713,5,4,Lakeside,2011,0,0,1,939255.0327502905
4529,2,1,Highlands,1996,1,0,4,1222047.7896397503
1082,3,3,Suburbs,2010,0,0,4,507488.2902204046
2168,2,1,Highlands,1981,0,0,2,639025.6669418727
4156,5,3,Highlands,1962,1,0,3,1224408.7956942015
4149,1,1,GreenValley,1950,1,0,4,692017.8623522493
3504,1,1,Highlands,1983,1,0,4,957899.3847182291
2901,3,3,Highlands,2011,1,1,1,981999.7370564473
3048,4,2,Suburbs,2020,1,0,1,790768.7364332585
1050,3,3,GreenValley,1980,0,0,1,331715.1597885696
1684,4,1,Highlands,2013,1,0,5,765463.7357264501
1716,2,1,Downtown,1974,1,0,4,649328.7844105075
4843,2,2,Lakeside,1987,1,0,1,1462420.9120228302
2469,5,4,Suburbs,1963,0,1,2,777549.9605564892
1448,4,1,Highlands,1957,1,0,5,601699.5291797773
1880,5,4,Downtown,2003,0,1,3,1005749.4212231797
1487,1,1,Highlands,1951,0,0,4,511158.97313049523
2823,4,2,Highlands,2005,0,0,4,982367.1742669522
3081,3,2,GreenValley,2010,1,0,2,654969.8423121851
4419,1,1,GreenValley,1971,1,0,3,767365.3352335807
3142,1,1,GreenValley,1984,1,0,3,569536.8030569468
4143,3,1,Downtown,1965,1,1,5,1292163.537358408
2574,1,1,Highlands,1999,1,0,4,781388.6149504842
3201,4,3,Lakeside,1992,0,1,1,1228254.0340286861
1249,5,4,Suburbs,1966,0,0,2,550254.9547838212
1673,1,1,GreenValley,2007,1,0,2,401886.0058683005
1437,4,1,GreenValley,1951,1,0,2,378110.501688028
3165,2,1,Highlands,1953,1,0,2,790292.6330935585
1770,4,2,Highlands,1988,0,1,1,688935.0254727907
4962,5,1,Downtown,1955,0,0,1,1378745.7283744684
4377,4,2,Downtown,2018,0,0,5,1470866.1138991113
1267,3,3,GreenValley,2018,1,0,4,491018.3404808599
2984,5,3,Highlands,1969,1,0,1,967469.5880036546
2077,2,1,Lakeside,2013,1,0,5,912540.0481966583
1235,3,1,Suburbs,1965,1,0,3,384101.54075534735
1388,4,4,Highlands,2000,1,0,4,793023.767139531
4037,5,2,Highlands,1986,1,0,1,1155030.106387698
4805,2,1,Downtown,2022,0,0,3,1394397.5468622835
1762,3,2,Suburbs,2018,1,0,5,608545.3174219368
2848,2,2,GreenValley,1991,1,0,1,597746.8785621093
3448,4,3,Highlands,2006,0,0,1,1036636.2253434068
1623,2,2,GreenValley,2015,1,0,3,501025.8654804579
3814,1,1,Highlands,1958,1,0,1,923254.8058084343
4374,3,3,GreenValley,2013,1,0,2,861669.7597086631
3966,2,2,Suburbs,1971,1,0,1,846645.5502938878
4278,4,3,Downtown,1983,1,0,4,1412056.3221314976
2252,4,2,Suburbs,2004,1,0,3,681588.9094618822
3900,2,2,Lakeside,1978,0,0,4,1266602.5109853426
4981,4,3,Downtown,1987,0,1,5,1649756.7101006908
1577,5,1,Suburbs,1967,0,0,4,537274.5518564411
3122,5,3,Lakeside,2020,0,0,2,1253524.6376748981
1434,5,1,Highlands,2014,1,0,2,664435.4710510466
3150,1,1,Highlands,1950,1,0,4,823549.3631025983
4493,2,2,GreenValley,1953,0,0,5,796974.9567750813
4775,1,1,Downtown,1953,1,0,1,1185910.766043465
1763,4,2,Highlands,1976,0,0,2,679918.3028024002
3785,1,1,Downtown,1992,1,0,4,1118174.530931956
3853,4,1,Highlands,2008,0,0,4,1106023.8478346113
2329,4,2,GreenValley,1981,1,0,4,605759.2509912276
3145,3,1,Suburbs,1982,0,0,1,673212.3472293521
4921,5,1,GreenValley,1977,1,0,3,931556.6839561868
3845,4,2,Lakeside,2004,1,0,5,1444556.4525688773
2358,3,1,Highlands,2009,1,0,3,821462.4534820532
3906,5,3,Lakeside,2019,0,1,5,1601261.250133037
3482,4,3,Lakeside,2011,0,0,5,1379949.6608699034
1446,4,2,Downtown,1983,0,0,4,717903.7859390726
3017,1,1,Highlands,2005,1,0,2,808246.4577642555
2331,1,1,Lakeside,1962,0,1,4,828892.7793250339
1248,5,4,Suburbs,2005,1,0,1,607266.8609925567
1165,4,2,Lakeside,1967,1,0,5,760293.2705913414
4552,2,2,Suburbs,2003,1,0,2,1022097.8575479112
4031,1,1,Downtown,1992,1,0,5,1215864.0014384508
2358,5,1,Lakeside,1988,0,1,5,1080178.0031146465
2019,4,1,GreenValley,2010,0,0,4,519620.35412518395
1541,4,1,Downtown,1991,1,0,2,680752.7668348092
1758,2,1,Suburbs,1967,1,1,2,485314.5807853098
4177,5,3,Downtown,1972,0,0,5,1441876.1604696324
4634,4,3,Lakeside,2003,0,0,2,1546280.6753181065
3128,1,1,Highlands,1979,1,0,2,811748.6368146512
3180,2,2,Highlands,2007,0,0,4,947395.5431397835
1796,5,4,Suburbs,2017,1,0,3,734604.1888883278
3947,2,1,Suburbs,2016,1,0,1,860391.2782226381
1137,1,1,Highlands,2020,0,0,3,450751.4486261675
3231,5,1,Suburbs,1967,0,0,2,741218.7161947099
4472,2,2,Downtown,1956,0,1,5,1337148.2996902834
2353,3,2,GreenValley,1989,1,0,1,522503.8756203502
3832,1,1,GreenValley,2019,1,1,1,694635.7308075434
4579,1,1,Downtown,2014,1,0,5,1387059.603332291
2875,1,1,GreenValley,2017,1,0,1,556131.0447226205
4031,3,1,Lakeside,1998,1,1,5,1449582.343696015
1068,3,1,Downtown,2001,0,0,1,471911.2817158
3593,4,1,Suburbs,1978,0,0,3,847642.6712829233
4845,2,1,Downtown,1970,1,0,1,1283097.8916014784
3100,4,1,Highlands,1958,0,0,4,898542.815401811
2473,2,2,Suburbs,1996,0,0,5,664918.481129428
1204,3,1,Highlands,2025,1,1,1,574039.2916539663
3173,3,2,Suburbs,1991,1,0,5,836548.5288145809
4818,4,1,GreenValley,2000,1,0,4,925880.5974666456
1042,5,3,Downtown,2005,1,0,1,680254.0200588265
4823,4,3,Lakeside,2000,0,0,1,1582034.2886101613
2906,2,1,Suburbs,2019,1,0,4,709081.37470706
3158,4,3,Suburbs,1969,0,0,4,859118.9168549813
1760,1,1,Highlands,1976,1,0,4,599839.7473307418
4734,2,2,GreenValley,1987,1,0,5,911223.7778244322
4254,2,2,Highlands,2021,0,1,4,1248228.9164432124
3895,5,4,Highlands,2014,1,0,5,1378101.2598333037
3142,3,1,GreenValley,2003,0,0,3,641821.6126585945
2994,2,1,Lakeside,1973,1,0,1,925868.0577321479
4445,3,2,Highlands,1996,1,0,1,1202219.2710178415
2935,4,1,Highlands,2020,1,0,2,966012.4358757489
4591,1,1,Suburbs,2012,1,1,3,988149.8976488404
1899,5,1,GreenValley,2006,0,0,4,543856.7397021517
1359,3,2,Downtown,2004,1,1,4,757031.3718318368
3947,2,1,Lakeside,2009,1,0,3,1292014.3452339128
2719,3,1,Lakeside,2011,0,1,4,1079648.0278243674
1280,2,2,GreenValley,1979,1,0,2,377553.2238536764
4266,3,3,Suburbs,1971,1,1,5,1068388.2089705812
2887,2,1,Suburbs,2024,0,0,1,667652.1800380718
4266,4,4,GreenValley,1978,1,0,3,927413.2264618338
1666,2,1,Suburbs,1990,0,1,1,448694.9562133145
1092,2,1,Lakeside,1991,1,0,5,644183.6329115839
1671,1,1,Lakeside,2014,0,0,3,672454.9483717445
2969,2,2,Downtown,1980,1,0,5,1055669.2131576473
1060,1,1,GreenValley,1979,1,1,4,368926.3317324548
3681,5,3,Highlands,1967,1,0,4,1176485.6920318755
4122,1,1,Highlands,1966,1,0,4,1012787.2440035812
4474,4,4,Downtown,1987,1,0,5,1544081.4440677261
4860,1,1,Downtown,1963,1,0,5,1382844.5448603262
2028,5,1,Suburbs,2005,0,1,5,700538.2871021546
2489,4,3,Downtown,1971,1,0,1,946840.067255971
1603,3,1,Downtown,2016,1,0,5,773223.9601480613
1681,3,3,Highlands,2005,1,1,4,798376.3096615904
4900,1,1,Suburbs,1968,1,0,2,955587.813655012
3581,1,1,Downtown,2006,1,0,5,1141007.8649260367
2428,5,2,Downtown,1993,1,0,2,975359.6127198287
3885,5,3,Suburbs,1984,1,0,4,1021698.6583784533
4584,2,2,GreenValley,1950,0,0,5,849501.4014702184
3692,5,3,Suburbs,2001,1,0,1,958602.5014145595
3280,2,1,Highlands,2019,1,0,1,924671.4209449744
1523,4,1,GreenValley,1986,1,0,2,409097.3641705129
3393,1,1,Lakeside,2014,1,0,1,1071749.6880416838
4117,4,3,Suburbs,2000,0,0,1,959284.9578629927
3593,5,4,Highlands,1950,1,0,1,1097650.3815501572
2968,4,2,GreenValley,1970,1,0,4,669277.5944356505
2101,4,4,Suburbs,2002,0,0,1,656893.4413357835
2753,4,2,Downtown,1965,1,0,3,955477.9858446042
2836,5,1,Suburbs,2010,0,0,5,832095.8606375708
4994,4,4,Lakeside,2003,1,0,1,1683660.7568645529
4144,2,2,Suburbs,1989,0,0,1,863313.9041313736
3841,5,3,GreenValley,1975,1,0,1,785969.4982985202
3296,4,1,GreenValley,2014,1,0,3,710524.1819494655
3094,5,3,Suburbs,2023,1,0,1,864321.4558941146
2144,3,1,GreenValley,2013,1,1,1,539522.2580416363
3261,2,2,Downtown,1992,1,1,5,1160600.1877710486
3286,4,4,Suburbs,1966,0,0,3,893908.3122164151
2079,3,1,Downtown,2008,0,0,3,808776.3209879565
3397,3,1,Downtown,1972,1,0,1,984735.045127583
1106,5,1,Highlands,1956,0,0,3,516574.97452194267
3878,3,2,Suburbs,1993,1,0,2,904060.194943957
1047,2,1,GreenValley,2002,1,0,3,351735.8580563759
4644,2,1,Downtown,2020,1,0,3,1383088.0051158215
1336,1,1,Highlands,1983,1,0,3,485724.2898476911
2049,2,2,Suburbs,1995,0,0,4,580568.6535053713
3851,3,3,Suburbs,2017,1,0,4,1009228.3248677043
2280,2,1,Lakeside,1965,1,0,4,837452.4043681371
3055,5,2,Lakeside,2020,1,0,3,1220930.6751197919
1624,1,1,Downtown,1968,1,0,2,550390.1771558932
2890,3,3,Lakeside,1951,0,0,3,1035670.8492314189
2276,1,1,Downtown,1959,1,0,1,638613.1788471946
2715,3,2,GreenValley,1999,1,0,2,604929.0670372504
3766,5,1,Downtown,1961,1,0,4,1197621.7943494509
1302,1,1,Lakeside,2019,0,0,5,668259.1221567008
1638,4,3,GreenValley,1971,1,1,2,503778.88833588595
1055,3,2,Lakeside,1981,1,1,4,704700.4502116966
1725,4,1,Downtown,1950,0,0,2,627667.377375273
1525,1,1,Highlands,2003,1,0,2,498057.55673550797
1473,4,2,Suburbs,2007,1,0,3,567379.4016758561
1027,4,3,Lakeside,2019,1,1,1,779988.7337025504
3125,1,1,Downtown,1967,1,0,5,970942.4798942637
4287,5,3,GreenValley,1955,0,1,4,921465.0131132297
4457,4,4,Lakeside,1994,1,0,2,1599437.5357382817
1364,4,1,Lakeside,1972,1,0,5,745906.7840944638
3713,5,1,Suburbs,1972,1,1,2,916276.7422676343
1525,4,4,Downtown,1975,1,0,1,757997.4725152347
3746,4,4,Highlands,1956,1,0,5,1202297.886896761
2335,4,1,GreenValley,1993,0,0,4,555682.4907240438
1882,2,2,Downtown,1976,1,0,2,704020.1638480749
2030,5,2,GreenValley,1975,1,0,1,529465.1677225848
2026,4,4,Lakeside,1985,1,0,5,1080402.4428222068
2646,5,2,Suburbs,2004,1,0,2,752085.1469259522
1918,3,1,Suburbs,2013,1,0,2,583533.9007023057
3797,3,3,Highlands,2006,1,1,4,1213733.8523298001
3410,4,3,Suburbs,2018,0,0,1,862041.9192328551
2774,5,2,Lakeside,2010,1,0,3,1191531.2656734048
2531,5,4,Highlands,1951,1,0,2,941027.1586980633
4345,5,4,Downtown,2004,1,0,5,1598218.968963306
4577,2,2,Suburbs,1987,1,0,4,1024153.3133724574
3853,3,2,Highlands,1978,1,1,4,1158473.9224471399
3786,5,3,Lakeside,1975,1,0,2,1386431.5673707388
2906,5,3,GreenValley,1984,1,0,2,695617.0150651622
4086,2,2,GreenValley,2016,1,0,2,779343.5296897818
2215,2,2,Lakeside,1978,1,0,3,862283.8434744427
2654,5,2,Lakeside,1983,1,1,2,1108287.8100497911
1484,1,1,GreenValley,1990,1,0,1,327165.2342157124
3075,5,3,Highlands,1990,1,0,5,1121381.092095639
1713,5,1,GreenValley,1972,1,0,2,479133.99797971646
2062,2,2,Lakeside,2020,1,0,3,894432.5431146406
2976,2,2,Suburbs,1952,1,0,5,733528.3486779477
2296,5,3,Downtown,2007,0,0,4,1057091.7198226983
2254,5,3,Suburbs,1981,0,0,2,713986.3402568684
3133,5,3,Suburbs,1980,1,0,5,921865.66466098
4545,2,1,Lakeside,1992,1,0,4,1426077.802428277
1125,5,4,GreenValley,1956,1,1,3,486435.9849909357
3859,5,1,Highlands,1950,1,1,1,1040506.6977770957
1536,4,3,Suburbs,2010,0,0,2,561323.4755135644
3192,1,1,GreenValley,1963,1,0,1,540491.4363525541
4596,3,2,Highlands,2001,1,0,3,1273820.0120097853
4283,1,1,Suburbs,1955,1,0,5,901846.1196099254
3072,4,1,Highlands,1959,1,0,5,950477.5581975625
2603,3,3,GreenValley,2020,0,0,3,632809.8905504418
4465,5,1,Downtown,1979,0,1,3,1404158.91389018
1066,4,2,GreenValley,1970,1,1,2,435115.478682102
1232,5,3,Lakeside,2009,1,0,4,885365.7624890521
3156,2,2,Highlands,2023,1,0,1,933114.1128201806
2169,4,4,Downtown,2012,0,0,1,951068.6337181904
3158,2,1,Highlands,1991,0,0,5,918711.124126461
3275,4,3,Highlands,2000,1,0,5,1158784.8630495307
1110,4,3,Suburbs,2013,1,0,2,502864.39833323105
2493,2,1,Lakeside,2025,1,1,3,1009094.3447409708
3081,3,3,Highlands,2005,0,0,1,939812.9865373716
1622,1,1,GreenValley,1990,1,0,2,367282.86617880414
4847,5,1,GreenValley,1981,0,0,5,914569.5305001512
4440,4,3,Suburbs,1964,0,0,5,1085491.0984199164
3795,5,4,Lakeside,2011,1,0,1,1468067.0137742625
3642,2,1,Lakeside,1976,0,1,5,1259390.9716824868
4625,5,1,GreenValley,1977,0,0,5,933121.7860619581
3472,2,2,Downtown,2013,1,0,4,1162419.543324944
3660,5,4,Suburbs,2008,1,0,3,988884.6899891581
2541,1,1,Suburbs,2007,1,0,5,684660.4911294525
3739,1,1,GreenValley,1951,1,1,4,684999.0099473991
2305,1,1,GreenValley,1985,0,0,2,423408.7225619191
4391,1,1,Downtown,2020,0,1,5,1365819.7447956076
2761,1,1,Downtown,1962,1,0,2,825036.1039819838
4514,1,1,Lakeside,1964,1,0,5,1363410.902572925
2975,2,1,Suburbs,2009,1,0,1,695741.7446095347
3362,4,1,Suburbs,1971,0,0,4,788917.458097958
1876,5,1,GreenValley,2012,1,0,4,530377.6335182567
2989,1,1,Lakeside,2024,0,0,1,964597.3570398449
4812,2,1,Suburbs,2023,1,0,3,1053571.097577124
4448,2,1,Lakeside,1974,1,0,4,1368368.457480114
2312,2,2,Lakeside,1997,1,0,2,916879.289620381
2460,4,4,GreenValley,1992,1,0,4,656167.6654551465
3709,5,3,Lakeside,1987,1,0,3,1394117.7988611697
3324,4,3,Downtown,1990,1,0,2,1158607.986078712
2733,3,2,Downtown,1994,1,0,2,951189.794890191
2605,2,1,Highlands,1989,0,0,1,727658.8206129293
2526,3,3,GreenValley,1966,1,0,5,631259.4690671614
3671,1,1,Highlands,2006,0,0,1,908097.9901560034
3563,1,1,Downtown,1951,1,0,5,1018958.1484831368
4421,4,1,Highlands,2011,1,0,1,1210026.803127623
3890,5,1,GreenValley,1958,1,1,5,814462.8867479914
4517,3,3,GreenValley,2017,1,0,4,923960.0806295974
4901,5,2,Lakeside,1966,0,0,2,1546460.3778857924
3397,4,1,Suburbs,1999,1,0,5,885552.9103698275
2630,1,1,Lakeside,1989,1,0,4,915095.3609975954
4735,5,3,GreenValley,2007,1,1,3,1032709.0125443641
3870,5,3,Downtown,2024,1,0,1,1347307.8558452888
2160,1,1,Downtown,1970,1,1,3,759911.5340941738
1758,3,2,Lakeside,1967,1,1,4,869268.1591812461
3946,1,1,GreenValley,2004,0,0,3,735508.6901054621
1242,5,4,Downtown,1978,0,0,3,767362.0661118376
3590,3,2,GreenValley,1973,1,0,4,751097.0653660839
2063,3,1,Downtown,2023,1,0,2,780221.0816727948
1228,1,1,GreenValley,1966,1,0,5,384751.8803961384
3595,5,2,Highlands,1967,1,0,1,1051806.6980020688
1919,4,3,GreenValley,1991,1,0,5,590245.1416666592
2246,5,3,GreenValley,1994,1,0,1,588724.6218405073
1005,2,2,Lakeside,1966,0,0,5,590540.903895441
4393,4,2,Highlands,2022,0,1,3,1348915.4493465251
1467,3,2,Suburbs,1963,1,0,2,475933.24250511825
2755,4,4,Lakeside,1998,1,1,3,1257713.9754642197
1074,3,2,Suburbs,1978,1,0,2,397027.7747281358
1003,3,1,Downtown,1953,1,0,4,534849.8195326189
2870,4,4,Suburbs,1969,0,0,1,771728.2338947044
1645,3,2,GreenValley,1996,1,0,1,443606.81045875896
1117,3,1,Suburbs,1958,0,0,4,388448.8334692715
3928,2,2,Lakeside,1976,1,0,5,1332579.7382663386
2629,5,3,Lakeside,1964,1,1,4,1222086.602672196
3551,5,4,Suburbs,1968,1,0,4,1008989.0385895672
3021,2,2,Lakeside,2001,1,0,2,1077476.1231346242
1946,4,1,Lakeside,1975,0,1,4,898888.1129725986
3621,1,1,Suburbs,1975,1,0,1,722806.4724625606
2464,1,1,Highlands,1975,1,0,3,677729.4134129965
1193,1,1,Highlands,1995,1,0,2,430170.7586598553
1846,2,2,Downtown,1998,1,1,2,792079.2285457416
3762,2,1,Lakeside,2002,1,0,5,1310954.080217168
2415,3,3,Suburbs,1952,1,0,3,678486.9051246443
4097,1,1,Lakeside,2015,0,0,2,1237408.0346513055
2458,4,3,GreenValley,1991,1,1,4,697703.984344429
3220,4,2,Lakeside,1968,0,0,2,1112292.9405825115
4371,1,1,Lakeside,1966,1,1,2,1298682.6050480746
2668,1,1,Highlands,1982,1,0,2,719682.1644781983
3373,1,1,Suburbs,2025,1,0,5,810493.2155027518
2433,2,2,Lakeside,1998,1,0,2,934943.829587459
2141,2,2,Highlands,2005,1,0,2,746326.166069917
3883,2,1,Downtown,2012,0,1,5,1305967.6317062508
2810,5,4,Highlands,1952,1,0,3,1002957.4350209399
1723,4,3,Highlands,1998,1,0,1,701270.7527243266
1224,4,2,Highlands,2004,1,0,5,685056.5889400678
1531,3,3,Lakeside,1975,0,0,5,825063.3792171223
1112,2,1,Lakeside,2021,1,0,2,597423.4670994186
3187,5,1,Downtown,2001,1,0,2,1104417.3938510765
1558,5,4,GreenValley,1956,1,0,1,492554.03938595
3048,4,1,GreenValley,1995,1,0,2,653168.2338769789
3137,2,1,GreenValley,1995,1,0,4,646755.5957153888
1653,3,1,Downtown,1965,1,0,2,588356.3114583484
1319,2,1,GreenValley,1973,1,0,2,332386.75743040175
2573,1,1,GreenValley,2010,0,0,4,542194.2114196079
2828,2,1,Highlands,2003,0,0,1,779318.402957314
2917,1,1,Lakeside,2011,1,1,4,1078170.0169163372
1138,1,1,Lakeside,1950,0,0,5,510229.38586714584
4582,3,1,Highlands,1998,1,1,4,1304508.2328129332
4939,4,4,Highlands,1974,1,1,3,1465912.0669740397
3892,2,2,Highlands,1959,0,0,5,1081029.659033454
3026,1,1,Lakeside,1965,1,0,2,916132.3739869726
3306,2,1,GreenValley,2007,1,1,5,730536.3824847265
4744,4,4,Highlands,2021,1,0,1,1357646.568014145
1901,4,4,Downtown,1978,1,0,1,830729.4407276171
1689,5,1,Highlands,1955,1,0,4,659354.2127651052
3039,4,3,Suburbs,1965,1,0,5,856479.9832684951
1009,3,1,Highlands,1969,1,0,2,457158.67849944753
1260,1,1,Lakeside,2020,1,0,1,554588.773429258
2942,5,4,Highlands,1992,0,0,2,1048053.072689573
2673,3,3,Suburbs,1975,0,0,3,724568.789844888
3219,2,2,Downtown,2020,1,0,1,1041510.6513520549
3945,1,1,GreenValley,1982,0,0,4,713365.9005124752
3060,4,3,Highlands,1975,0,0,3,987863.1557824776
2191,1,1,Suburbs,1994,1,1,5,626980.7925481084
4713,2,2,Suburbs,2012,0,0,2,1016711.205244998
2619,5,3,Downtown,2016,1,0,1,1081631.721147026
1320,5,1,Lakeside,2001,1,0,3,770951.2346021355
2342,5,2,Highlands,2017,1,0,3,917818.1668005799
2636,4,2,Suburbs,1975,1,0,1,662578.2412824578
3376,3,2,Downtown,2024,0,1,5,1281652.127238969
3832,3,2,GreenValley,1951,1,0,5,747532.2720350159
3824,1,1,Suburbs,1963,1,1,4,813769.0537910284
2994,4,3,Downtown,1979,1,0,5,1170095.4103247626
3958,5,2,Lakeside,1998,1,0,4,1459220.097133279
2943,5,3,Lakeside,1961,1,0,3,1200399.2350427117
4621,2,1,Suburbs,1993,1,1,1,943609.4156195102
3038,2,2,Suburbs,1982,0,0,5,778897.0970876593
4490,5,3,Highlands,1962,1,0,4,1348275.7290210684
4677,5,2,Downtown,1975,1,1,3,1513101.9894616185
2118,4,4,Suburbs,1970,0,0,5,692776.4253612953
4888,3,1,Highlands,1977,1,0,2,1204788.853195211
2604,2,1,Highlands,1997,0,1,3,817168.2291658738
3365,3,2,Suburbs,1989,1,0,5,869333.1199942183
1235,4,1,Lakeside,2015,1,0,3,738193.7042735451
2969,5,1,Downtown,2022,0,0,1,1027791.5056240315
1333,3,3,Downtown,1972,1,0,1,624268.040516215
2908,5,3,Lakeside,1997,0,0,1,1112034.236398119
1375,5,2,Suburbs,1951,1,0,2,501211.48467658926
4530,1,1,Downtown,1969,0,0,1,1129730.3072286164
2160,3,2,Suburbs,2008,1,0,2,624826.9111442117
3635,3,1,Suburbs,1995,1,1,1,820528.3143533628
2570,5,3,Highlands,1952,1,1,3,927578.8340407448
3560,4,2,Lakeside,2004,1,0,5,1401032.0674224768
2319,1,1,Suburbs,1961,1,0,5,587567.3154243233
4391,5,2,GreenValley,1989,1,1,1,900527.683630312
3965,2,2,Lakeside,2015,1,0,5,1410538.5907285095
4643,2,2,Downtown,1965,1,0,1,1241439.4133105131
2855,1,1,Highlands,1983,1,1,1,809250.171337567
2372,4,2,Downtown,1993,0,0,4,953737.374468951
4911,5,4,Downtown,1955,1,0,4,1610057.0880011548
4850,3,2,Lakeside,2013,0,0,4,1599255.5046655438
1872,1,1,Downtown,1971,1,0,2,573969.6562059358
2252,4,2,Suburbs,1967,1,0,4,685903.3809841508
3317,3,2,Downtown,1961,1,0,1,987596.1973964663
2851,2,1,Highlands,2001,0,0,3,834644.8374429338
3845,2,2,Highlands,2000,0,0,4,1106177.0094168535
2314,3,3,GreenValley,2020,1,0,4,642180.8643280973
1724,1,1,Highlands,1997,1,0,3,588574.8031049782
4236,2,1,Downtown,1968,1,0,1,1154650.7962784744
3052,5,4,Highlands,1955,1,0,2,1013377.3688225053
3898,3,2,Lakeside,1976,1,1,4,1391814.0388506525
4450,3,3,Highlands,2002,1,0,3,1287932.4189298025
1077,2,1,Suburbs,1997,0,0,1,308311.5242826685
4481,1,1,Lakeside,1956,1,0,5,1347524.2499480052
3621,5,4,GreenValley,2008,0,0,2,851654.0089478702
1131,1,1,Suburbs,2018,1,0,3,424660.0123801579
1600,4,3,Downtown,1960,0,0,3,767392.1581394359
2772,4,2,Downtown,1964,1,0,3,957517.2131311615
2065,2,2,Downtown,2013,0,0,4,860248.1654682186
3136,2,2,Suburbs,1952,0,1,5,782412.5964654057
3449,2,1,Suburbs,2018,1,0,2,816493.4376105494
3343,4,3,Suburbs,1972,0,0,1,799873.2638620686
2863,1,1,Lakeside,2002,0,0,1,874500.7428180767
2318,1,1,Lakeside,1986,1,0,5,859702.4113565966
1615,2,2,Downtown,1958,0,1,3,675670.9134960924
4597,5,1,Highlands,1964,0,0,3,1233945.2410579761
3847,1,1,Downtown,1952,1,0,3,1026734.1065665452
4762,4,3,GreenValley,2019,1,0,3,952118.448494805
4708,3,1,Lakeside,1966,1,0,3,1438567.6785148508
3469,3,3,Suburbs,1975,1,0,5,916122.555504171
2888,3,1,Lakeside,1970,1,0,4,1020959.7273241135
2046,5,1,Suburbs,2021,0,1,2,647772.5737994355
1574,2,1,GreenValley,1970,1,0,3,390221.5226871937
3190,4,2,GreenValley,1960,1,0,4,720723.4054748733
1992,5,1,Lakeside,1987,1,0,1,829051.147016379
3712,4,1,Suburbs,2021,1,0,5,948285.4160091559
3192,4,1,GreenValley,1984,0,0,4,677070.8769562587
2248,2,1,Downtown,1963,1,0,3,752460.7959727211
4054,3,1,Downtown,1963,1,0,3,1177554.1485616139
1502,2,1,Suburbs,1959,1,0,3,452806.3662523793
2997,5,1,Lakeside,1961,0,1,4,1165557.5268321251
1820,5,1,GreenValley,1987,0,0,3,482605.939409525
4687,5,2,Lakeside,1983,0,1,4,1621507.505415827
3151,2,1,Downtown,1990,1,1,3,1054856.576817223
4110,4,1,GreenValley,1959,0,0,1,737616.4685432261
2970,4,3,Lakeside,1966,0,0,1,1064181.2069505735
1197,1,1,Highlands,1966,1,0,2,408474.73186418816
2669,5,3,Suburbs,2016,0,1,3,852127.9515377624
3626,4,4,Suburbs,2011,1,0,3,1004098.9832166345
3438,1,1,Highlands,1950,1,0,4,869211.1570330248
2202,4,2,Downtown,1961,1,1,4,911732.7131988474
3601,5,2,GreenValley,1953,1,0,3,760643.2059914079
2471,3,2,Suburbs,1991,1,0,2,675779.2226526439
4571,5,4,Highlands,1962,1,0,3,1360764.419615676
4086,2,2,Highlands,1953,0,0,4,1063082.9838605847
2646,4,2,Downtown,2018,0,0,3,1036449.9967821706
2692,4,4,Downtown,1968,0,0,4,1061954.0622102723
2312,2,2,Lakeside,1951,1,0,3,843977.1688397866
3035,2,2,Suburbs,1961,1,1,5,790703.7753244102
1477,3,2,Lakeside,2023,1,0,4,819148.6608197212
2254,4,2,Highlands,1955,1,1,2,790647.91400618
1922,4,2,GreenValley,1957,0,1,5,546546.6043010624
1419,3,2,GreenValley,2000,1,0,3,448197.6191715241
3204,1,1,Downtown,1960,1,0,4,945294.4630447994
3597,3,1,GreenValley,2012,0,0,5,784884.5611412006
4512,5,4,GreenValley,2006,1,0,2,988533.1734698485
2120,4,3,GreenValley,1961,0,0,4,558862.1350068221
4068,2,2,Highlands,2022,1,0,5,1222465.986257743
4044,5,2,GreenValley,1951,1,0,5,872425.2881162618
4482,4,3,GreenValley,1957,0,1,5,946866.8167900787
1950,3,1,GreenValley,1960,1,0,1,390882.4570925833
3336,5,3,Lakeside,2002,1,0,3,1363662.2233421064
2277,4,3,Highlands,1959,1,0,4,870574.1162308991
3243,1,1,Downtown,1957,1,1,4,1018264.0061366368
3645,1,1,Lakeside,1985,0,0,4,1129653.8747758877
2857,2,2,Suburbs,2025,1,1,5,832088.2425679655
4593,4,2,Highlands,1963,1,0,3,1240331.67467829
1516,1,1,Highlands,2003,1,0,2,526220.711965042
2658,3,3,Suburbs,1970,0,0,4,739363.0137368354
2865,4,3,Suburbs,1999,1,0,3,813625.0621998374
3912,3,2,Suburbs,1988,1,0,3,915752.7705349625
2141,3,2,Downtown,1969,0,0,1,699361.983065714
3853,1,1,GreenValley,1956,1,0,4,703274.9857560397
2932,4,2,Highlands,1958,0,1,5,963724.9544274985
